subhalo_id,simulation,snapshot,redshift,n_stellar_particles,n_disk_particles,M_star_Msun,R_d_kpc,aperture_R_in_kpc,aperture_R_out_kpc,A1_literature,A2_literature,A1_integral_area,A1_integral_jog,A2_integral_area,A2_integral_jog,A1_bootstrap_mean,A1_bootstrap_std,A2_bootstrap_mean,A2_bootstrap_std,dominant_mode,bar_length_kpc,bar_angle_deg,pattern_coherence,phase_scatter_m2_deg,bar_length_bootstrap_mean,bar_length_bootstrap_std,v_max_kms,R_v_max_kpc
392276,L35n2160TNG,99,2.22045e-16,1554996,1347440,8.87747e+10,1.84969,nan,nan,0.0130613,0.0788664,0.0133741,0.012739,0.0703845,0.0863938,0.0148849,0.00274878,0.0791554,0.00295246,2,2.4375,-39.7994,1,25.7781,5.87063,5.26766,223.704,5.93307
394621,L35n2160TNG,99,2.22045e-16,1191769,964060,6.92327e+10,3.47076,nan,nan,0.0569429,0.129119,0.0569948,0.0569639,0.134859,0.126019,0.0580555,0.00348477,0.129732,0.00336975,2,4.6875,36.5948,0.0344828,67.5615,14.8125,0,211.974,11.03
419618,L35n2160TNG,99,2.22045e-16,1111842,806451,6.41125e+10,1.91425,nan,nan,0.0359711,0.189544,0.0372984,0.0343219,0.182242,0.198535,0.0376244,0.00505729,0.189924,0.00590693,2,14.8125,-44.1063,0.636364,35.213,14.8125,0,121.622,15.0177
422754,L35n2160TNG,99,2.22045e-16,1603520,1146792,9.22159e+10,2.16569,nan,nan,0.0246287,0.222899,0.0257519,0.0239459,0.226142,0.221726,0.0263219,0.00328059,0.223799,0.0033561,2,2.0625,65.593,0.625,57.8816,9.29813,3.75521,205.391,5.54766
440407,L35n2160TNG,99,2.22045e-16,1574787,1076439,9.14534e+10,3.27975,nan,nan,0.0474165,0.0298009,0.0510855,0.046201,0.0305108,0.0295626,0.048777,0.00318377,0.0325486,0.00315711,2,2.0625,-2.56957,1,41.3259,8.49,6.21257,203.411,7.91
443049,L35n2160TNG,99,2.22045e-16,1405590,1090425,8.01861e+10,2.14869,nan,nan,0.0181708,0.21668,0.0178181,0.0185352,0.214868,0.218541,0.0213705,0.00375026,0.216477,0.0041054,2,4.6875,60.8221,1,48.5456,4.68187,0.0793504,201.022,4.83928
444134,L35n2160TNG,99,2.22045e-16,835498,679201,4.90047e+10,2.71477,nan,nan,0.0419138,0.0973166,0.0449492,0.0409283,0.0940309,0.098241,0.0448576,0.00454813,0.0989337,0.00503714,2,3.9375,-27.8031,0,61.4615,14.3063,0.297056,171.383,14.15
446665,L35n2160TNG,99,2.22045e-16,976373,782258,5.59125e+10,2.71428,nan,nan,0.0634083,0.0291354,0.067386,0.0633712,0.0292664,0.0291561,0.0670463,0.00673345,0.0376534,0.00566794,2,2.4375,29.9377,1,38.1413,6.4575,5.48874,195.777,12.59
449658,L35n2160TNG,99,2.22045e-16,1236902,743368,7.2406e+10,2.15515,nan,nan,0.0218439,0.209836,0.0226548,0.0212225,0.20185,0.215902,0.025166,0.00462386,0.210341,0.00530494,2,3.9375,79.7208,1,68.7046,4.08375,0.182906,83.7873,6.86164
454171,L35n2160TNG,99,2.22045e-16,1310523,1216617,7.57096e+10,3.55491,nan,nan,0.0296588,0.0749626,0.0299332,0.02938,0.0747897,0.075434,0.0314432,0.00275358,0.0755148,0.0026779,2,3.9375,41.0198,1,44.8094,3.96,0.0890576,231.503,9.47
455291,L35n2160TNG,99,2.22045e-16,1179575,803667,7.10196e+10,3.18835,nan,nan,0.106035,0.249136,0.109318,0.105715,0.242621,0.249529,0.106723,0.00485375,0.249598,0.00543366,2,5.4375,11.9984,1,40.3586,6.9975,0.325711,188.14,15.71
457431,L35n2160TNG,99,2.22045e-16,1626448,1174142,9.39991e+10,2.71399,nan,nan,0.0831876,0.0277184,0.0872744,0.0821323,0.0278941,0.0278473,0.0840057,0.00316629,0.0301449,0.00277231,2,2.0625,29.1027,1,55.8354,2.44313,2.16446,234.055,7.91
459557,L35n2160TNG,99,2.22045e-16,774921,526382,4.49736e+10,1.85781,nan,nan,0.026129,0.215421,0.0260361,0.0262739,0.210698,0.21824,0.0315106,0.00614328,0.215027,0.00606591,2,14.8125,-66.9703,1,3.90251,14.8125,0,154.95,4.80875
460722,L35n2160TNG,99,2.22045e-16,441463,301821,2.68274e+10,2.7859,nan,nan,0.107763,0.228759,0.115217,0.10057,0.24218,0.214683,0.110212,0.00807034,0.229474,0.00690288,2,14.8125,22.2333,0.392857,34.0248,14.8125,0,145.368,17.27
465255,L35n2160TNG,99,2.22045e-16,1627024,1138196,9.33714e+10,2.28215,nan,nan,0.0148515,0.0580081,0.0146675,0.0150133,0.0552145,0.0603209,0.0184858,0.00331777,0.0593869,0.00399679,2,2.4375,-59.7574,1,60.0492,2.6175,0.18735,189.932,8.66831
466549,L35n2160TNG,99,2.22045e-16,1411490,1138654,8.09023e+10,2.3667,nan,nan,0.0441755,0.099515,0.042962,0.0450586,0.093889,0.103797,0.0456594,0.00375581,0.100479,0.00392493,2,2.0625,-30.9044,1,49.6913,2.12438,0.139193,221.272,5.29273
469487,L35n2160TNG,99,2.22045e-16,1461154,954745,8.45153e+10,2.35065,nan,nan,0.0180955,0.0582184,0.0186076,0.017528,0.0541502,0.0622174,0.0236954,0.00388919,0.0598247,0.00434853,2,2.4375,43.829,1,33.2024,2.33062,0.24122,190.879,18.4391
474008,L35n2160TNG,99,2.22045e-16,1574074,918833,9.34343e+10,2.49963,nan,nan,0.0204132,0.0575262,0.0216604,0.0193643,0.0521134,0.0631485,0.0260751,0.00373926,0.060347,0.00464197,2,2.8125,35.2243,1,53.1425,2.8125,0,179.734,17.2675
476266,L35n2160TNG,99,2.22045e-16,832406,639679,4.99167e+10,2.97074,nan,nan,0.100138,0.11381,0.10138,0.099353,0.113472,0.1143,0.101488,0.00434787,0.11489,0.00515581,2,2.4375,-27.3748,1,17.0574,2.4525,0.211601,155.978,14.15
477328,L35n2160TNG,99,2.22045e-16,1006537,715590,6.07934e+10,3.24603,nan,nan,0.103078,0.146771,0.10302,0.103114,0.146398,0.147138,0.104155,0.00471146,0.147485,0.00503189,2,1.6875,-18.4871,1,47.0976,4.07437,3.19547,178.744,19.61
478216,L35n2160TNG,99,2.22045e-16,1005262,903333,5.92765e+10,3.04913,nan,nan,0.0631657,0.05994,0.0648796,0.0620612,0.057277,0.0614404,0.0647588,0.00363967,0.0615171,0.00353042,2,1.6875,49.8598,1,26.5874,1.6875,0,202.916,11.03
479290,L35n2160TNG,99,2.22045e-16,1547031,994053,9.12992e+10,3.03506,nan,nan,0.024558,0.0662844,0.025732,0.0238547,0.0670445,0.0658979,0.0279175,0.0033787,0.0672299,0.00371954,2,2.8125,33.3536,0.529412,40.6281,14.1056,0.237696,214.1,19.61
479938,L35n2160TNG,99,2.22045e-16,1085758,760526,6.67104e+10,3.05671,nan,nan,0.0688675,0.161131,0.0718547,0.0673885,0.172918,0.156688,0.0702946,0.00422438,0.161932,0.00400198,2,12.5625,42.5937,0.894737,47.1088,12.57,0.145043,188.348,12.59
480802,L35n2160TNG,99,2.22045e-16,854680,716637,5.05909e+10,3.41403,nan,nan,0.150541,0.107108,0.150874,0.150195,0.102423,0.110519,0.150699,0.00382683,0.107533,0.00391614,1,1.6875,-30.7092,0.6,48.0982,4.25625,1.72327,186.486,10.25
481428,L35n2160TNG,99,2.22045e-16,1447167,1070479,8.31026e+10,1.95258,nan,nan,0.0177318,0.274287,0.0187516,0.0166758,0.261039,0.287664,0.0203269,0.00337523,0.274666,0.00363395,2,3.9375,47.8638,0.625,59.2331,14.67,0.34687,214.588,4.43136
482889,L35n2160TNG,99,2.22045e-16,1579503,783627,9.20997e+10,2.40862,nan,nan,0.0261517,0.0380102,0.0250648,0.0272187,0.0408766,0.0354878,0.032624,0.00595482,0.0429575,0.00527047,2,14.8125,-72.6596,0.8,57.5255,14.8125,0,99.4088,12.1368
483594,L35n2160TNG,99,2.22045e-16,1588570,1396312,9.20652e+10,2.80087,nan,nan,0.0195253,0.341546,0.0210988,0.0188739,0.321056,0.346372,0.0225966,0.00250404,0.341926,0.00292736,2,6.1875,-24.6146,1,48.0872,7.81687,2.81065,251.534,8.69
485056,L35n2160TNG,99,2.22045e-16,1401903,1234442,8.3923e+10,3.03568,nan,nan,0.0647688,0.202566,0.0636306,0.0657214,0.210709,0.197623,0.0655648,0.0027931,0.202774,0.00283419,2,1.3125,-6.84364,0.107143,68.2173,14.8125,0,235.62,10.25
486046,L35n2160TNG,99,2.22045e-16,1379972,905901,8.11417e+10,2.0708,nan,nan,0.0430302,0.421361,0.0477488,0.0387494,0.416936,0.42541,0.0451239,0.00428678,0.421639,0.00399654,2,7.3125,81.1968,1,20.6585,14.8125,0,102.458,11.7465
486917,L35n2160TNG,99,2.22045e-16,534056,360819,3.06874e+10,1.5705,nan,nan,0.224574,0.673329,0.220022,0.235038,0.650535,0.727425,0.224814,0.0085683,0.674233,0.00705329,2,14.4375,-38.7894,1,7.06851,14.8125,0,100.63,12.3227
487742,L35n2160TNG,99,2.22045e-16,608237,514437,3.63845e+10,3.17938,nan,nan,0.0822159,0.109864,0.0891078,0.0816814,0.105725,0.11013,0.0837257,0.00464049,0.111212,0.00463674,2,3.9375,5.56316,0,66.8165,14.8125,0,164.333,7.13
489206,L35n2160TNG,99,2.22045e-16,1652145,1447124,9.57206e+10,2.80405,nan,nan,0.0520196,0.54721,0.0551742,0.0510671,0.534827,0.551337,0.0531073,0.0032779,0.5473,0.00361181,2,8.4375,-10.2165,1,38.8323,9.90375,2.59135,247.475,13.37
490079,L35n2160TNG,99,2.22045e-16,1015425,662029,5.86293e+10,2.63589,nan,nan,0.275636,0.205449,0.282643,0.271788,0.213516,0.201458,0.276315,0.00556403,0.205824,0.00548363,1,2.0625,49.282,0.357143,57.2672,14.8125,0,118.532,6.35
490814,L35n2160TNG,99,2.22045e-16,928448,672368,5.4952e+10,2.45367,nan,nan,0.0751236,0.0478379,0.0748082,0.0752492,0.0452617,0.0492768,0.0767871,0.00541976,0.0506613,0.00535985,2,3.1875,17.9989,0.5,58.4879,14.8125,0,181.197,11.595
491426,L35n2160TNG,99,2.22045e-16,1476995,1304210,8.69874e+10,3.68449,nan,nan,0.0373832,0.0240598,0.0387408,0.0373494,0.0255152,0.0240947,0.0398096,0.00297936,0.0277258,0.00279325,2,3.5625,-71.0075,1,46.0667,3.56438,0.0264501,224.994,18.05
492244,L35n2160TNG,99,2.22045e-16,1480089,815827,8.8069e+10,2.51798,nan,nan,0.106832,0.0595942,0.109545,0.105065,0.0622312,0.0578458,0.107497,0.00480997,0.0609699,0.00456671,1,1.6875,11.3512,0.111111,44.8313,14.8125,0,194.234,18.83
492876,L35n2160TNG,99,2.22045e-16,1525281,1190045,8.81992e+10,3.34022,nan,nan,0.0332855,0.0943339,0.0354722,0.0329696,0.0866724,0.0951602,0.034862,0.00268971,0.0947145,0.00313955,2,4.6875,-50.5075,1,33.8004,4.74563,0.191571,214.281,9.47
493433,L35n2160TNG,99,2.22045e-16,1152248,704111,6.82885e+10,2.31802,nan,nan,0.0370989,0.0356751,0.0387825,0.035976,0.0347252,0.0363109,0.0396694,0.00434785,0.0379924,0.00450496,2,1.6875,13.1659,0.625,49.9459,14.7581,0.132038,132.121,13.8527
494011,L35n2160TNG,99,2.22045e-16,1339975,767860,7.95357e+10,2.5411,nan,nan,0.108106,0.175666,0.113939,0.103488,0.184367,0.168629,0.107483,0.00489766,0.176151,0.00464139,2,1.3125,38.8991,0.896552,23.5448,14.8125,0,181.307,19.61
494709,L35n2160TNG,99,2.22045e-16,1317401,1101241,7.73692e+10,3.03434,nan,nan,0.020572,0.0203446,0.0203048,0.020538,0.0210333,0.0203242,0.0256731,0.00382497,0.0255696,0.0038056,2,2.8125,-38.719,1,43.7046,2.8125,0,214.605,18.05
495451,L35n2160TNG,99,2.22045e-16,1209266,1042238,6.97447e+10,1.72624,nan,nan,0.0342643,0.151021,0.0364344,0.03351,0.145048,0.153415,0.0364291,0.00447659,0.151502,0.00442219,2,2.8125,74.5348,1,47.3424,12.51,4.0481,198.289,4.49298
496186,L35n2160TNG,99,2.22045e-16,1527646,1169695,8.70204e+10,2.27623,nan,nan,0.0161003,0.0452607,0.0162867,0.0159956,0.0439202,0.0461246,0.0231005,0.00431449,0.0471894,0.00517164,2,2.4375,-74.0178,1,60.9423,2.4375,0,230.134,16.4388
496788,L35n2160TNG,99,2.22045e-16,485993,399218,2.97102e+10,3.31247,nan,nan,0.1128,0.208435,0.109507,0.115504,0.222214,0.197703,0.114441,0.00572309,0.209181,0.00513228,2,14.8125,-25.0035,0.583333,38.2729,14.8125,0,145.428,6.35
497557,L35n2160TNG,99,2.22045e-16,805512,724218,4.76844e+10,3.03492,nan,nan,0.0940164,0.106384,0.100143,0.0935849,0.108247,0.106474,0.0950005,0.0040878,0.107096,0.00408898,2,2.8125,-24.811,0.533333,69.0858,14.8125,0,188.998,8.69
499021,L35n2160TNG,99,2.22045e-16,558642,380359,3.33194e+10,1.85785,nan,nan,0.0443522,0.0554047,0.0464262,0.0410307,0.0547544,0.0567224,0.0497117,0.00752936,0.0588842,0.0077522,2,13.6875,43.0955,0.941176,13.2919,14.7056,0.210059,52.036,12.852
499704,L35n2160TNG,99,2.22045e-16,957521,695411,5.69051e+10,2.48761,nan,nan,0.055201,0.0732358,0.0552688,0.0551281,0.0763164,0.0714449,0.0563542,0.00455566,0.0751337,0.00466394,2,3.1875,-15.4723,1,16.6458,6.20812,4.51173,169.147,19.5129
500576,L35n2160TNG,99,2.22045e-16,587687,437383,3.5025e+10,3.34955,nan,nan,0.0643776,0.153453,0.069317,0.061978,0.163956,0.148632,0.0677908,0.00543677,0.154906,0.00541374,2,14.8125,-37.5264,0.5,49.9383,14.8125,0,137.917,19.61
501208,L35n2160TNG,99,2.22045e-16,1468791,1208286,8.66431e+10,3.0308,nan,nan,0.0494295,0.0848391,0.0540443,0.0467218,0.0846823,0.0854889,0.0506232,0.00287029,0.085535,0.00299051,2,1.6875,-51.0985,0.44,47.4938,13.6256,0.153601,239.658,8.69
501725,L35n2160TNG,99,2.22045e-16,1308889,897998,7.80667e+10,3.11466,nan,nan,0.048494,0.13185,0.0475991,0.0487893,0.138795,0.128998,0.0508574,0.0041325,0.132456,0.00439855,2,1.3125,36.0199,0.428571,67.1798,14.8125,0,181.535,19.61
502371,L35n2160TNG,99,2.22045e-16,873674,616230,5.24029e+10,2.7722,nan,nan,0.0684715,0.0408346,0.0720169,0.0661587,0.041547,0.040277,0.0708068,0.00492947,0.0437522,0.00544472,1,0,-5.05408,0,62.9975,6.01219,6.44897,187.411,19.61
502995,L35n2160TNG,99,2.22045e-16,1294043,1092862,7.85069e+10,3.66184,nan,nan,0.0963215,0.337749,0.0922956,0.0974597,0.344547,0.335492,0.097353,0.00302506,0.337661,0.00290432,2,14.8125,14.9226,0.222222,51.2678,14.8125,0,211.206,11.03
503437,L35n2160TNG,99,2.22045e-16,1263219,943797,7.43381e+10,3.28434,nan,nan,0.0536693,0.132315,0.0496258,0.0541586,0.133045,0.132647,0.0558885,0.00374528,0.132664,0.00374637,2,4.6875,32.7421,0.875,19.0178,14.4056,0.380172,184.517,15.71
503987,L35n2160TNG,99,2.22045e-16,1073719,976591,6.13125e+10,2.78477,nan,nan,0.0696208,0.491937,0.0724788,0.0693554,0.488447,0.492117,0.0706954,0.00349228,0.491983,0.0033287,2,8.4375,57.3469,0.666667,33.4454,14.8125,0,218.24,6.35
504559,L35n2160TNG,99,2.22045e-16,1180901,953088,6.75398e+10,2.34206,nan,nan,0.0321383,0.0635795,0.0327669,0.0316898,0.0633577,0.0636525,0.0358459,0.00468036,0.0648157,0.00506776,2,2.4375,50.5331,0,68.359,8.28937,5.85035,221.847,11.8066
505100,L35n2160TNG,99,2.22045e-16,1000287,740037,5.80488e+10,2.03236,nan,nan,0.0812663,0.063013,0.0800616,0.082437,0.0604902,0.0650394,0.0817707,0.00428235,0.063812,0.00399538,2,2.4375,-68.211,0.538462,19.2517,13.8338,1.40802,133.56,7.11872
506151,L35n2160TNG,99,2.22045e-16,1381204,729508,8.25357e+10,2.06055,nan,nan,0.0564433,0.322504,0.0574205,0.0555934,0.332853,0.313603,0.0577376,0.00375921,0.32254,0.00378079,2,14.8125,40.9513,0.914286,16.5196,14.8125,0,132.675,1.45906
506720,L35n2160TNG,99,2.22045e-16,1343310,1182841,7.93356e+10,3.30828,nan,nan,0.0368737,0.106439,0.0383364,0.036689,0.0982047,0.10772,0.0382638,0.00261506,0.107068,0.00276328,2,5.0625,10.9723,1,47.4326,5.0625,0,225.331,11.81
507292,L35n2160TNG,99,2.22045e-16,455662,364884,2.73468e+10,2.70952,nan,nan,0.0532088,0.0760942,0.0568367,0.0487503,0.0732384,0.0805534,0.0579052,0.00705799,0.0797851,0.00680629,2,14.8125,12.1723,0.1875,45.669,14.8125,0,168.049,10.25
507784,L35n2160TNG,99,2.22045e-16,692868,619422,3.95633e+10,2.37617,nan,nan,0.0283627,0.0473153,0.030072,0.0276277,0.0462572,0.0478656,0.0375803,0.00539791,0.052766,0.00599177,2,3.1875,39.616,1,44.7446,14.5538,1.65612,186.794,6.05281
508538,L35n2160TNG,99,2.22045e-16,574590,476687,3.43337e+10,2.8404,nan,nan,0.0614088,0.107324,0.061311,0.0608258,0.101416,0.112881,0.0643533,0.00487689,0.108908,0.00553847,2,2.4375,-8.54075,0.363636,64.5446,14.8125,0,161.168,10.25
509091,L35n2160TNG,99,2.22045e-16,918206,673892,5.54894e+10,2.79563,nan,nan,0.0472437,0.103133,0.0455867,0.0482503,0.109143,0.0997403,0.0500231,0.00435494,0.104539,0.0049383,2,2.8125,45.1195,0,61.3445,3.04312,2.10491,182.558,19.61
509709,L35n2160TNG,99,2.22045e-16,1270667,825656,7.35868e+10,2.19648,nan,nan,0.0211002,0.320437,0.0217031,0.0205636,0.311259,0.329184,0.0236792,0.0038272,0.320894,0.00431466,2,7.3125,-49.2349,1,28.5705,7.08563,0.359487,128.801,9.71879
510273,L35n2160TNG,99,2.22045e-16,1513271,869373,8.8791e+10,3.01134,nan,nan,0.040014,0.0345224,0.0428979,0.0389342,0.0345032,0.0344836,0.0435277,0.00457556,0.0381267,0.00402297,2,2.4375,63.3202,1,53.1161,2.44125,0.167663,207.274,19.61
510585,L35n2160TNG,99,2.22045e-16,852987,700357,5.13094e+10,2.63375,nan,nan,0.119617,0.175849,0.12251,0.11764,0.166251,0.182564,0.120341,0.00495006,0.175941,0.00471825,2,2.0625,-3.83104,0.727273,32.4464,6.48375,2.81764,181.853,14.93
511303,L35n2160TNG,99,2.22045e-16,826416,643827,4.96542e+10,2.49924,nan,nan,0.0690867,0.110769,0.0690276,0.0690427,0.114184,0.10885,0.0698947,0.00444681,0.111615,0.00470907,2,3.5625,9.07154,0.34375,35.0021,14.8125,0,169.818,19.6041
511920,L35n2160TNG,99,2.22045e-16,1535891,1222691,8.81657e+10,2.74828,nan,nan,0.0245176,0.252628,0.0245224,0.0244953,0.245512,0.253691,0.0266672,0.00336682,0.252557,0.00332563,2,5.8125,-1.58171,0.625,51.7642,14.8125,0,229.757,6.35
512425,L35n2160TNG,99,2.22045e-16,921184,624661,5.30962e+10,2.43823,nan,nan,0.0399562,0.0230246,0.0374122,0.0414606,0.0214516,0.0239399,0.0445999,0.00554234,0.0307994,0.00573848,2,3.1875,-36.6391,1,51.1768,3.31125,1.38197,160.927,14.5643
513105,L35n2160TNG,99,2.22045e-16,783067,636741,4.5569e+10,2.44715,nan,nan,0.0488233,0.0321617,0.0509695,0.0467412,0.0327066,0.0317817,0.0508312,0.00503668,0.0348078,0.00470341,2,2.8125,21.4222,1,29.2219,13.7644,0.40614,161.07,6.22316
513845,L35n2160TNG,99,2.22045e-16,1376112,964365,8.31291e+10,2.64816,nan,nan,0.0577751,0.0573448,0.0616079,0.0555394,0.0603075,0.0554098,0.0589999,0.00448677,0.0587098,0.00428824,1,1.3125,10.651,1,46.4711,1.90312,2.53879,193.393,13.37
514272,L35n2160TNG,99,2.22045e-16,648447,503414,3.78975e+10,2.84992,nan,nan,0.116422,0.0521357,0.113581,0.117688,0.0506439,0.0524791,0.117441,0.00519764,0.0549191,0.0055241,2,1.6875,55.4146,0.875,38.1492,14.5687,0.211302,162.787,9.47
514829,L35n2160TNG,99,2.22045e-16,1317363,1018088,7.80593e+10,3.3296,nan,nan,0.120367,0.0557294,0.118953,0.120719,0.0543726,0.0563274,0.120574,0.0035808,0.0571455,0.00328882,2,4.6875,56.9593,1,50.1474,4.6875,0,189.821,5.57
515296,L35n2160TNG,99,2.22045e-16,1229746,959860,7.08027e+10,2.35823,nan,nan,0.0224837,0.0223579,0.0232233,0.0218542,0.022041,0.0225461,0.0254517,0.00365841,0.025756,0.00359582,2,2.4375,-6.04941,1,29.5674,2.60625,1.36901,228.85,10.4176
516101,L35n2160TNG,99,2.22045e-16,850987,717572,4.87897e+10,2.26414,nan,nan,0.0198838,0.0398009,0.0211456,0.018762,0.0374421,0.0418842,0.0240699,0.00380022,0.0420459,0.00404853,2,2.0625,67.1341,1,49.1315,2.26875,1.24303,174.838,4.37488
516760,L35n2160TNG,99,2.22045e-16,1164707,1058035,6.69658e+10,2.46553,nan,nan,0.0196828,0.131564,0.0194025,0.0198257,0.124566,0.134219,0.0236643,0.00412014,0.132445,0.00447704,2,3.5625,-37.2417,1,50.0707,5.09438,3.54544,250.324,4.72933
517271,L35n2160TNG,99,2.22045e-16,1090838,888588,6.35537e+10,2.75507,nan,nan,0.040126,0.0408906,0.0423014,0.0390391,0.0391682,0.0418404,0.044456,0.00539957,0.0457884,0.00561273,2,2.4375,-11.4202,0,59.9552,3.345,2.74272,197.397,19.61
518120,L35n2160TNG,99,2.22045e-16,348755,255754,2.07788e+10,1.63102,nan,nan,0.129915,0.476539,0.13623,0.122088,0.460202,0.496911,0.129854,0.00859255,0.476238,0.00823037,2,14.8125,-0.406243,0.457143,39.1539,14.8125,0,115.146,3.76251
518682,L35n2160TNG,99,2.22045e-16,907424,698970,5.36156e+10,3.08363,nan,nan,0.0434405,0.0325245,0.046535,0.0426382,0.0320236,0.0326858,0.0475675,0.00457167,0.037112,0.00448291,2,2.8125,-37.0471,1,49.2591,2.90062,1.33953,200.586,19.61
519311,L35n2160TNG,99,2.22045e-16,1558386,1242266,9.23493e+10,3.70617,nan,nan,0.0746386,0.0584403,0.0744194,0.0748162,0.054045,0.0592371,0.0757087,0.00308201,0.0599637,0.00283851,2,3.5625,2.5817,1,60.3817,9.1725,5.23254,226.782,16.49
519720,L35n2160TNG,99,2.22045e-16,323551,277423,1.93077e+10,3.00568,nan,nan,0.0974519,0.0738636,0.105323,0.097275,0.0760213,0.0737507,0.10319,0.00869334,0.0782908,0.00818693,2,13.6875,-26.4387,0.05,76.1511,14.235,0.201386,137.795,14.93
520310,L35n2160TNG,99,2.22045e-16,450462,378742,2.6276e+10,2.27021,nan,nan,0.069929,0.182533,0.0700619,0.0695963,0.172188,0.195106,0.0713109,0.00717068,0.1832,0.00679082,2,3.9375,-51.9607,1,65.5332,7.37812,4.46084,145.69,17.8084
520885,L35n2160TNG,99,2.22045e-16,909817,716540,5.3426e+10,2.75958,nan,nan,0.0235011,0.0474535,0.0235212,0.0234922,0.0509846,0.0465793,0.0291665,0.0041916,0.0523895,0.00508036,2,2.8125,7.22122,1,58.3168,7.5975,4.86392,170.256,19.61
521429,L35n2160TNG,99,2.22045e-16,784865,508156,4.74824e+10,2.54265,nan,nan,0.0658347,0.0943002,0.0687283,0.0627962,0.100274,0.0897262,0.0678591,0.00414199,0.0957532,0.00471405,2,14.4375,-39.9221,0.304348,51.9182,14.8125,0,165.743,7.13
521803,L35n2160TNG,99,2.22045e-16,726319,689771,4.36528e+10,3.02781,nan,nan,0.0577259,0.115581,0.0554446,0.0599045,0.111827,0.118517,0.0588224,0.00335722,0.116227,0.00397694,2,2.4375,7.36905,0.833333,45.9061,3.6,3.15,205.238,7.91
522530,L35n2160TNG,99,2.22045e-16,1185286,987507,6.91137e+10,2.95689,nan,nan,0.0330059,0.178039,0.034095,0.0325146,0.168157,0.183738,0.0354744,0.00394562,0.178399,0.00369637,2,5.0625,-52.9957,1,55.8501,5.1825,0.174929,212.132,19.61
522983,L35n2160TNG,99,2.22045e-16,1038868,706267,6.21538e+10,3.27675,nan,nan,0.0886184,0.0437416,0.0882905,0.0890528,0.0434896,0.0436737,0.090155,0.00427579,0.045363,0.00362849,2,1.6875,-44.3909,0.4,62.7326,2.64562,3.36492,184.534,15.71
523548,L35n2160TNG,99,2.22045e-16,1287895,919308,7.45869e+10,2.78025,nan,nan,0.0438267,0.131814,0.0431164,0.0443571,0.124661,0.136555,0.0461739,0.00372833,0.132731,0.00417415,2,4.3125,21.7574,1,34.2861,10.9819,2.99551,210.346,14.93
523889,L35n2160TNG,99,2.22045e-16,915893,825286,5.44724e+10,3.0245,nan,nan,0.0443553,0.0696035,0.0458127,0.0437701,0.0673419,0.0702834,0.0456611,0.0035948,0.07069,0.00317449,2,2.8125,21.1478,1,20.7539,2.80687,0.213709,202.256,8.69
524506,L35n2160TNG,99,2.22045e-16,800414,741492,4.56565e+10,2.12563,nan,nan,0.0234861,0.311809,0.023803,0.0235156,0.311552,0.311762,0.0278509,0.00548024,0.31217,0.00545033,2,5.8125,10.0716,0.0333333,33.367,14.7206,0.203669,207.599,5.4515
525002,L35n2160TNG,99,2.22045e-16,700191,435940,4.34116e+10,1.93607,nan,nan,0.169771,0.246919,0.160923,0.186035,0.250184,0.241316,0.171905,0.00672813,0.247629,0.00676699,2,14.8125,-13.3083,0.897436,14.4057,14.8125,0,148.816,0.799771
525533,L35n2160TNG,99,2.22045e-16,663148,460501,3.97936e+10,2.49452,nan,nan,0.039407,0.0653233,0.0374062,0.041273,0.068726,0.0618896,0.0438454,0.0050489,0.0673356,0.00547307,3,0,-10.5433,0,48.2826,3.42656,5.43362,160.134,14.1193
526029,L35n2160TNG,99,2.22045e-16,575396,453480,3.47737e+10,2.69539,nan,nan,0.135057,0.111701,0.134274,0.136188,0.107651,0.114392,0.13626,0.00540737,0.113564,0.00591091,2,14.8125,31.7964,0.823529,52.5728,14.8125,0,165.914,13.37
526478,L35n2160TNG,99,2.22045e-16,790094,565919,4.68352e+10,2.29604,nan,nan,0.0553878,0.031002,0.0570593,0.0535208,0.0309845,0.0310388,0.0578137,0.00570924,0.035254,0.00554232,1,13.3125,-42.5493,0.8,44.6416,14.7994,0.0869604,178.607,13.0078
526879,L35n2160TNG,99,2.22045e-16,521155,465833,3.01955e+10,1.28828,nan,nan,0.0255553,0.0229256,0.0272609,0.0239884,0.0216508,0.0242845,0.0288407,0.00430259,0.0274804,0.00443456,2,14.8125,36.4527,0.909091,61.7211,14.8125,0,190.086,3.44187
527309,L35n2160TNG,99,2.22045e-16,593481,538825,3.51391e+10,6.21724,nan,nan,0.15964,0.164523,0.162462,0.15379,0.161152,0.171882,0.160604,0.00346417,0.165235,0.00337239,1,12.1875,-13.7336,0,73.5526,12.2063,0.0817294,175.97,14.15
527839,L35n2160TNG,99,2.22045e-16,554643,371349,3.32024e+10,2.4019,nan,nan,0.0411875,0.121806,0.0413363,0.0411614,0.116967,0.126898,0.0463101,0.00691207,0.124203,0.0076693,2,3.5625,-67.9379,0.833333,73.7128,14.8125,0,132.984,16.5951
528322,L35n2160TNG,99,2.22045e-16,722768,556130,4.32075e+10,1.74897,nan,nan,0.0934292,0.0468419,0.0951105,0.0920358,0.0507137,0.0434163,0.093812,0.00441487,0.0483684,0.00386466,2,14.0625,-56.4643,1,26.4082,14.6137,0.343509,195.288,4.54753
528836,L35n2160TNG,99,2.22045e-16,775217,626336,4.62166e+10,3.28475,nan,nan,0.0572891,0.0778727,0.0604503,0.0565359,0.0790991,0.0776244,0.0601863,0.0048661,0.0794867,0.0050812,1,1.6875,23.5729,0.3,51.0516,10.9481,5.14601,164.953,19.61
529365,L35n2160TNG,99,2.22045e-16,1129320,999612,6.55927e+10,2.49668,nan,nan,0.0311087,0.118066,0.0302792,0.03174,0.106349,0.128338,0.0329299,0.0032501,0.118588,0.00346933,2,3.9375,-5.36191,1,59.0097,3.96563,0.0987718,227.203,5.5631
529855,L35n2160TNG,99,2.22045e-16,405813,341889,2.41922e+10,1.82229,nan,nan,0.142167,0.179044,0.144466,0.140153,0.174338,0.182643,0.142599,0.00525975,0.17914,0.00653593,2,2.8125,22.2053,1,17.4097,14.8125,0,145.863,4.7235
530330,L35n2160TNG,99,2.22045e-16,1053023,882199,6.10144e+10,3.0532,nan,nan,0.0730455,0.134796,0.0785564,0.0716982,0.125293,0.136772,0.0742638,0.0033622,0.135367,0.00353943,2,5.0625,-36.2085,0.928571,35.8555,9.40687,1.81876,203.661,7.13
530852,L35n2160TNG,99,2.22045e-16,906464,762595,5.35505e+10,3.47767,nan,nan,0.245979,0.132166,0.254567,0.247404,0.132716,0.132758,0.246335,0.00416692,0.133224,0.00444569,2,5.0625,-63.2124,0.966667,39.2436,14.8125,0,195.857,14.93
531320,L35n2160TNG,99,2.22045e-16,677397,605606,3.95751e+10,2.91506,nan,nan,0.0589745,0.0684207,0.0562979,0.0589199,0.0710124,0.0680065,0.0622039,0.0058001,0.0712231,0.00523318,2,3.9375,-43.7576,0.636364,48.9064,14.8125,0,174.729,5.57
531910,L35n2160TNG,99,2.22045e-16,895463,769331,5.41325e+10,2.53132,nan,nan,0.0927869,0.143531,0.0976844,0.0928383,0.139961,0.143468,0.0930064,0.00361528,0.143907,0.00341225,2,14.4375,-12.2388,0,63.0202,14.5519,0.184466,204.341,6.35
532301,L35n2160TNG,99,2.22045e-16,869343,638864,5.2063e+10,2.31775,nan,nan,0.108609,0.0731755,0.11442,0.107771,0.0719199,0.073359,0.10991,0.00426392,0.0742131,0.00425521,1,0.9375,-15.6643,0.8,46.273,14.7806,0.153601,172.909,5.9126
532760,L35n2160TNG,99,2.22045e-16,1061373,776419,6.30755e+10,2.60872,nan,nan,0.0398436,0.0582973,0.0417698,0.0386229,0.0602864,0.0569598,0.0431223,0.00519394,0.0604882,0.0058063,2,2.4375,-40.0887,0,46.4716,6.93187,4.70599,184.287,18.83
533060,L35n2160TNG,99,2.22045e-16,482311,392275,2.89623e+10,2.82906,nan,nan,0.0816998,0.138822,0.0825013,0.0807873,0.135518,0.141358,0.0833531,0.00572215,0.139438,0.00553853,2,14.8125,-14.3064,0.461538,49.8509,14.8125,0,159.343,15.71
533590,L35n2160TNG,99,2.22045e-16,392141,358788,2.30788e+10,4.45434,nan,nan,0.0686868,0.175927,0.0688171,0.0692449,0.175225,0.178518,0.0714632,0.00403667,0.176753,0.0046272,2,10.3125,-38.071,0,59.489,14.7056,0.235318,160.08,17.27
533998,L35n2160TNG,99,2.22045e-16,215422,179526,1.29025e+10,3.47222,nan,nan,0.211634,0.257007,0.208978,0.211615,0.265855,0.254831,0.214129,0.0102668,0.25916,0.00960397,1,10.3125,-21.6892,0.428571,52.8192,12.8569,0.936658,118.872,19.61
534628,L35n2160TNG,99,2.22045e-16,1032035,853983,6.03232e+10,3.09813,nan,nan,0.0586208,0.0977622,0.0639043,0.0555876,0.0887653,0.102021,0.0596432,0.00286395,0.0989778,0.00327788,2,4.6875,-31.0662,0.928571,52.7592,11.5894,3.30023,179.588,11.03
535050,L35n2160TNG,99,2.22045e-16,709798,630262,4.27997e+10,2.74772,nan,nan,0.0447594,0.10389,0.0455728,0.0445368,0.110114,0.102063,0.0470122,0.00481387,0.105884,0.00445245,2,3.5625,24.2776,0.45,49.3625,14.8069,0.0455822,181.288,16.49
535410,L35n2160TNG,99,2.22045e-16,1090017,978560,6.36341e+10,3.4641,nan,nan,0.0328649,0.0734754,0.032836,0.0327213,0.0688988,0.0737771,0.0359729,0.00343815,0.0745454,0.00364735,2,5.0625,-6.50568,1,42.9971,4.89562,0.186362,198.922,18.05
535774,L35n2160TNG,99,2.22045e-16,860671,662179,5.14253e+10,3.57875,nan,nan,0.123585,0.0883731,0.125393,0.118233,0.089722,0.0859226,0.124401,0.00391297,0.0897661,0.00425316,2,3.5625,-8.78084,0.8,17.3221,14.8125,0,174.069,10.25
536146,L35n2160TNG,99,2.22045e-16,557358,500432,3.36654e+10,2.95976,nan,nan,0.0842506,0.208438,0.0811036,0.0866987,0.211667,0.206583,0.0853637,0.0055338,0.209016,0.00526799,2,3.1875,-41.513,0.117647,63.4065,14.8125,0,166.944,13.37
536654,L35n2160TNG,99,2.22045e-16,665784,479240,3.83802e+10,1.86936,nan,nan,0.0921219,0.436562,0.0890573,0.0950309,0.430598,0.442208,0.0937707,0.00707154,0.43609,0.00684672,2,6.5625,-71.769,0.825,52.3942,14.8125,0,132.727,4.83645
537236,L35n2160TNG,99,2.22045e-16,1017262,780028,6.05643e+10,3.32753,nan,nan,0.0539477,0.108075,0.0539567,0.0539626,0.104605,0.108714,0.0566092,0.00461381,0.108706,0.00460111,1,0,-15.0423,0,67.471,2.33062,5.34061,193.41,19.61
537488,L35n2160TNG,99,2.22045e-16,731228,637705,4.39555e+10,2.34862,nan,nan,0.121003,0.178797,0.119183,0.1225,0.176313,0.180723,0.121383,0.00446337,0.179824,0.0043382,2,3.5625,16.0021,0.521739,25.9841,14.8125,0,169.136,10.376
537941,L35n2160TNG,99,2.22045e-16,871708,788114,5.23265e+10,3.84394,nan,nan,0.0994705,0.142731,0.0977547,0.10045,0.151839,0.136216,0.100252,0.00389997,0.143208,0.00375819,2,14.8125,10.9216,0.307692,70.1602,14.8125,0,200.09,19.61
538370,L35n2160TNG,99,2.22045e-16,556382,411080,3.39178e+10,3.34449,nan,nan,0.121311,0.105961,0.12276,0.120667,0.110217,0.104113,0.121755,0.00494941,0.107155,0.00532115,1,10.3125,15.2324,0,48.8528,9.33,2.93731,147.887,15.71
538905,L35n2160TNG,99,2.22045e-16,893618,771908,5.2742e+10,3.78954,nan,nan,0.0901745,0.165905,0.0887186,0.0888457,0.167181,0.165915,0.090952,0.00338039,0.166484,0.00329604,2,3.5625,-56.4615,1,65.9548,8.6925,2.26177,191.764,8.69
539333,L35n2160TNG,99,2.22045e-16,934935,856713,5.59523e+10,2.7384,nan,nan,0.0495876,0.117613,0.048085,0.0511889,0.117398,0.117622,0.0507244,0.00363074,0.117662,0.00349811,2,1.6875,-22.8116,1,55.6502,2.19,0.707986,218.842,4.79
539667,L35n2160TNG,99,2.22045e-16,597427,404721,3.5079e+10,2.26058,nan,nan,0.0296948,0.0208326,0.0308773,0.0283391,0.0211209,0.0204773,0.0352524,0.0053218,0.0282843,0.00530903,1,0,-3.15907,0,64.7827,0.827812,3.15498,109.179,16.3261
540082,L35n2160TNG,99,2.22045e-16,895765,758343,5.17511e+10,2.37255,nan,nan,0.0277279,0.233868,0.0289242,0.026774,0.216365,0.246628,0.0296892,0.00313939,0.234104,0.00367622,2,4.3125,-60.9793,1,60.8521,6.69937,4.25805,201.814,7.52255
540452,L35n2160TNG,99,2.22045e-16,687956,457552,4.13503e+10,3.14218,nan,nan,0.0464584,0.0635817,0.0479029,0.0460541,0.065132,0.0630375,0.0516765,0.00533561,0.0673658,0.00592047,1,0,-17.8116,0,50.5328,3.14156,6.0164,164.287,18.83
540920,L35n2160TNG,99,2.22045e-16,859568,722295,4.90663e+10,1.94491,nan,nan,0.0160578,0.593294,0.0164338,0.0156873,0.586984,0.599804,0.020666,0.00394066,0.59275,0.00474885,2,8.0625,7.73699,1,8.04429,12.2325,0.733468,112.505,9.83675
541218,L35n2160TNG,99,2.22045e-16,838016,697254,4.77606e+10,2.32462,nan,nan,0.0374318,0.0984116,0.0397331,0.0365323,0.0995625,0.0979906,0.0397859,0.00441597,0.0992145,0.0044948,2,2.4375,48.8347,0.875,34.9102,13.7737,2.05112,170.144,5.9291
541497,L35n2160TNG,99,2.22045e-16,795606,693016,4.7712e+10,3.68322,nan,nan,0.0906407,0.177304,0.0925389,0.0888362,0.172894,0.182157,0.0915652,0.00328952,0.177664,0.00324329,2,0.5625,19.3143,0,76.8374,7.66875,0.398189,193.19,11.81
541847,L35n2160TNG,99,2.22045e-16,684483,636801,4.02967e+10,2.2988,nan,nan,0.0793112,0.25451,0.0819954,0.0773763,0.236489,0.266084,0.0798955,0.00499726,0.254809,0.00477082,2,4.3125,67.6918,1,57.4165,9.1425,4.92373,192.255,5.1515
542252,L35n2160TNG,99,2.22045e-16,711067,552319,4.25896e+10,2.74457,nan,nan,0.116677,0.207529,0.126089,0.108263,0.208289,0.206622,0.118491,0.00590984,0.208268,0.00578043,2,6.1875,9.7429,0.857143,39.5634,6.40313,0.525586,181.186,19.61
542662,L35n2160TNG,99,2.22045e-16,564467,528196,3.29496e+10,3.16313,nan,nan,0.0423833,0.0887226,0.0431033,0.0420346,0.0859773,0.0894116,0.0456067,0.00464366,0.0897287,0.00474733,2,4.6875,-50.6609,0.904762,39.5122,14.7994,0.0784593,173.536,8.69
543114,L35n2160TNG,99,2.22045e-16,1141117,1018204,6.55025e+10,2.56833,nan,nan,0.0254895,0.0365582,0.0264864,0.0246234,0.0385707,0.0349457,0.0286639,0.00300492,0.0382456,0.00329189,2,2.8125,-2.61533,1,52.9127,3.07687,1.65119,238.852,8.69
543376,L35n2160TNG,99,2.22045e-16,1029442,929451,6.14418e+10,4.16524,nan,nan,0.0396409,0.0546191,0.0424477,0.0383856,0.0550979,0.0544748,0.0428243,0.00290138,0.0559235,0.00309216,2,2.0625,29.0209,1,46.315,2.0625,0,210.959,16.49
543729,L35n2160TNG,99,2.22045e-16,821980,633537,4.93015e+10,3.72823,nan,nan,0.0736049,0.134797,0.0769145,0.0722347,0.13403,0.134948,0.0752333,0.0044607,0.135642,0.00436476,1,0,-49.7779,0,34.7904,0.120938,0.980017,185.552,17.27
544001,L35n2160TNG,99,2.22045e-16,693540,506839,4.07609e+10,2.3769,nan,nan,0.0439269,0.132894,0.0457159,0.0423642,0.132522,0.13321,0.0476906,0.00574352,0.134166,0.00634578,2,3.5625,60.6398,1,4.44543,14.8125,0,170.423,14.2012
544408,L35n2160TNG,99,2.22045e-16,686697,560733,4.11514e+10,3.05312,nan,nan,0.0586061,0.226505,0.0578985,0.0590755,0.23412,0.222962,0.0624719,0.00380053,0.226694,0.00397382,2,14.8125,-59.4879,0.769231,38.5074,14.8125,0,198.944,10.25
544697,L35n2160TNG,99,2.22045e-16,611742,460199,3.67563e+10,2.54546,nan,nan,0.0697997,0.0813505,0.0717961,0.0681352,0.0801753,0.0811536,0.0719918,0.00570781,0.0836881,0.00582193,2,14.4375,-10.1003,0,59.1398,14.8125,0,163.197,13.37
545003,L35n2160TNG,99,2.22045e-16,330798,252388,1.87919e+10,1.86206,nan,nan,0.0329921,0.0916427,0.032502,0.0334492,0.0887265,0.0964242,0.0458742,0.0100484,0.0965271,0.0117071,2,2.4375,-26.4823,1,14.7003,14.7281,0.226363,42.3511,5.97067
545437,L35n2160TNG,99,2.22045e-16,722225,619895,4.34743e+10,3.14929,nan,nan,0.0920768,0.121515,0.0940832,0.0914789,0.127136,0.117402,0.0937286,0.00458758,0.122154,0.00468435,2,3.9375,-25.8333,0.1,43.8681,14.8125,0,183.71,15.71
545703,L35n2160TNG,99,2.22045e-16,590990,462243,3.35546e+10,1.84341,nan,nan,0.0312938,0.215825,0.0305713,0.0332111,0.198642,0.245527,0.0382456,0.00682775,0.216817,0.0088516,2,3.1875,46.3825,0.0588235,47.0126,14.4525,0.378434,72.088,8.19352
546474,L35n2160TNG,99,2.22045e-16,792205,690648,4.75016e+10,2.19569,nan,nan,0.0800438,0.397348,0.0835343,0.0728849,0.380918,0.42693,0.0810788,0.00384545,0.397504,0.0038843,2,3.5625,-7.21687,0.346154,31.7709,14.8125,0,206.778,4.93703
546870,L35n2160TNG,99,2.22045e-16,739723,667426,4.24906e+10,2.71021,nan,nan,0.0275758,0.212425,0.0284233,0.0276207,0.197859,0.212935,0.0325375,0.00364989,0.212892,0.00521594,2,5.0625,23.4678,1,46.6321,5.95312,2.74044,185.437,5.57
547293,L35n2160TNG,99,2.22045e-16,908363,859321,5.42588e+10,3.12836,nan,nan,0.144809,0.233672,0.149434,0.141952,0.227995,0.237211,0.144978,0.00422538,0.233439,0.0040031,2,6.9375,16.553,0.558824,22.8856,14.8125,0,201.835,15.71
547545,L35n2160TNG,99,2.22045e-16,473733,459598,2.73724e+10,2.59959,nan,nan,0.0309507,0.42917,0.0316054,0.0305774,0.412175,0.433007,0.0367698,0.00524032,0.429958,0.00566807,2,5.8125,-61.561,0.666667,72.4868,14.0175,0.577987,190.74,6.35
547844,L35n2160TNG,99,2.22045e-16,871951,745424,5.10113e+10,3.03438,nan,nan,0.0414772,0.124193,0.0428211,0.0410805,0.122361,0.124828,0.0430225,0.00372322,0.124517,0.00413064,2,3.9375,-58.2366,1,40.9089,13.8637,2.98824,197.229,11.03
548151,L35n2160TNG,99,2.22045e-16,542039,473507,3.13665e+10,1.98601,nan,nan,0.0310413,0.0793886,0.0331316,0.0275661,0.0786982,0.0810193,0.0410317,0.00799581,0.0816098,0.00934028,1,2.8125,-18.961,0,61.5005,13.6256,0.248117,170.247,11.8872
548418,L35n2160TNG,99,2.22045e-16,428624,374274,2.59421e+10,2.52221,nan,nan,0.0773084,0.243448,0.0834478,0.0723095,0.254758,0.232184,0.079181,0.00569852,0.243917,0.00575161,2,3.5625,62.1763,0.777778,39.2497,14.4394,0.680702,148.967,6.35
548790,L35n2160TNG,99,2.22045e-16,571324,422523,3.34964e+10,3.65301,nan,nan,0.0575581,0.0469838,0.0592099,0.0571179,0.0466956,0.0469147,0.0609158,0.00605557,0.0505057,0.00517186,2,2.0625,-40.5495,0,55.1027,2.03625,0.0956801,157.887,19.61
549090,L35n2160TNG,99,2.22045e-16,353062,312983,2.08412e+10,1.52828,nan,nan,0.103006,0.110416,0.107197,0.0994365,0.101352,0.117957,0.103456,0.00586426,0.111266,0.00542768,2,2.4375,-11.5052,1,31.2868,14.5031,0.291531,157.588,2.61072
549516,L35n2160TNG,99,2.22045e-16,691112,525149,4.13024e+10,3.37251,nan,nan,0.0452583,0.0923416,0.0471923,0.044503,0.0913988,0.0920441,0.0506943,0.00495574,0.0944469,0.00536418,2,14.8125,-0.0402309,0.909091,49.0324,14.8106,0.0264501,174.437,19.61
549746,L35n2160TNG,99,2.22045e-16,485099,374654,2.92301e+10,2.83161,nan,nan,0.0664461,0.153047,0.0693505,0.0644793,0.152807,0.153751,0.0690908,0.00457509,0.15395,0.00500583,2,10.6875,2.1043,0.2,50.9444,11.8275,0.22761,144.062,17.27
550149,L35n2160TNG,99,2.22045e-16,807828,688428,4.76373e+10,2.8154,nan,nan,0.0434907,0.0941515,0.0437891,0.0434838,0.0925252,0.0942662,0.0450076,0.00384631,0.0950705,0.00407996,2,3.5625,-71.2766,0.785714,74.084,13.6931,1.44824,181.685,6.35
550475,L35n2160TNG,99,2.22045e-16,610401,574674,3.56824e+10,2.02337,nan,nan,0.0385656,0.244831,0.0361155,0.0394487,0.221766,0.255118,0.0416858,0.00499731,0.245495,0.00520382,2,3.5625,6.48306,0.909091,54.9933,13.6519,2.69442,199.531,5.20609
550934,L35n2160TNG,99,2.22045e-16,593921,472289,3.54773e+10,3.04799,nan,nan,0.0665389,0.0658822,0.0697644,0.0663868,0.06442,0.065664,0.0700036,0.00632274,0.0683873,0.00609523,2,14.8125,45.6545,0.923077,61.5505,14.8125,0,169.158,17.27
551190,L35n2160TNG,99,2.22045e-16,444425,381291,2.63354e+10,2.181,nan,nan,0.0535001,0.0598696,0.0512744,0.055619,0.0604685,0.0594389,0.0560173,0.00530271,0.0617288,0.00575142,2,14.8125,62.0758,0.466667,64.5089,14.8125,0,167.647,6.94025
551541,L35n2160TNG,99,2.22045e-16,251126,242716,1.49434e+10,2.19974,nan,nan,0.0801189,0.198564,0.0786677,0.0821704,0.21251,0.179196,0.0826417,0.00885868,0.199652,0.00974147,2,2.4375,24.5923,0.0689655,43.8735,14.8106,0.0264501,153.623,9.04895
551973,L35n2160TNG,99,2.22045e-16,355755,272245,2.16924e+10,3.11721,nan,nan,0.0484504,0.0529152,0.0493232,0.0481271,0.0502681,0.0538009,0.0545782,0.00669073,0.0581693,0.00643038,2,14.8125,55.3879,1,31.6645,14.805,0.0525,141.151,19.61
552414,L35n2160TNG,99,2.22045e-16,997703,865052,5.81284e+10,3.56009,nan,nan,0.0584078,0.0462617,0.0605913,0.0584399,0.0446694,0.0461455,0.0607971,0.00416239,0.0486715,0.00419689,2,4.3125,16.922,1,29.8418,4.19437,0.200467,197.642,19.61
552581,L35n2160TNG,99,2.22045e-16,779508,666218,4.56833e+10,2.54398,nan,nan,0.0349834,0.229643,0.0360156,0.0342318,0.215081,0.240765,0.0369785,0.00378056,0.229786,0.00425014,2,5.0625,57.2311,0.956522,29.5415,14.7788,0.107318,196.573,6.35
552879,L35n2160TNG,99,2.22045e-16,551906,449704,3.22972e+10,3.26446,nan,nan,0.0966412,0.11474,0.101857,0.0968628,0.128386,0.116284,0.0992963,0.00552581,0.118345,0.00560036,2,14.8125,-14.4912,0.7,48.6408,14.8125,0,157.417,8.69
553230,L35n2160TNG,99,2.22045e-16,322255,258499,1.93564e+10,4.49975,nan,nan,0.123846,0.207574,0.130675,0.11423,0.210099,0.205072,0.125019,0.0053089,0.208652,0.00517811,2,11.8125,28.8421,0.333333,58.3335,14.64,0.25111,144.067,10.25
553489,L35n2160TNG,99,2.22045e-16,407703,318817,2.41929e+10,2.75818,nan,nan,0.0543632,0.0931443,0.0553977,0.0542101,0.0937702,0.0930412,0.0593822,0.00720544,0.0959809,0.00705554,2,2.4375,-36.3504,0.736842,27.4323,14.8125,0,141.601,19.61
553837,L35n2160TNG,99,2.22045e-16,608318,484407,3.65585e+10,3.29927,nan,nan,0.0748576,0.0639594,0.0775871,0.0732799,0.0617425,0.065242,0.0762859,0.00450946,0.0660103,0.00429743,2,14.8125,22.7156,0.833333,26.9544,14.6456,0.186362,150.774,15.71
554189,L35n2160TNG,99,2.22045e-16,561643,488996,3.29513e+10,3.44529,nan,nan,0.0996913,0.0685602,0.101479,0.0999112,0.0694723,0.068797,0.102714,0.00631304,0.0725133,0.00627433,2,2.8125,-30.3635,0.615385,35.9941,14.8125,0,156.758,18.05
554523,L35n2160TNG,99,2.22045e-16,576826,494286,3.40156e+10,3.62042,nan,nan,0.0310589,0.112473,0.032277,0.0308497,0.109898,0.113097,0.0375105,0.00448635,0.113885,0.00478186,2,0,12.4686,0,46.7942,0.185625,1.05551,172.127,18.05
554798,L35n2160TNG,99,2.22045e-16,912742,851250,5.33929e+10,2.94362,nan,nan,0.0625207,0.155127,0.0623961,0.0625737,0.153177,0.156145,0.0635822,0.00379262,0.15495,0.00362501,2,4.3125,-6.12778,0,66.8,14.7919,0.0854926,213.464,9.47
555013,L35n2160TNG,99,2.22045e-16,596727,480536,3.45511e+10,2.20005,nan,nan,0.0648627,0.545736,0.0679554,0.0619494,0.527634,0.563217,0.0669516,0.00602048,0.546191,0.00643789,2,5.4375,55.5185,0.814815,46.7306,14.4938,0.15799,173.813,14.5223
555287,L35n2160TNG,99,2.22045e-16,632018,572912,3.82127e+10,4.44919,nan,nan,0.0747589,0.147762,0.0703982,0.073984,0.14527,0.147713,0.076897,0.00383275,0.148541,0.00428309,2,14.0625,23.0125,0.285714,44.5751,14.1113,0.213157,175.048,17.27
555601,L35n2160TNG,99,2.22045e-16,747298,582746,4.45084e+10,2.75767,nan,nan,0.0577927,0.118067,0.0618077,0.0540161,0.122092,0.114713,0.0599616,0.00509879,0.118903,0.00544263,2,9.9375,20.9405,0.555556,47.909,14.4712,0.333708,177.805,18.05
555815,L35n2160TNG,99,2.22045e-16,317529,281997,1.86483e+10,1.37916,nan,nan,0.0670882,0.116492,0.064247,0.0705573,0.109824,0.12399,0.0695197,0.00989734,0.117697,0.00953722,2,14.8125,-52.2851,0.857143,49.6062,14.8125,0,165.356,1.97466
556304,L35n2160TNG,99,2.22045e-16,198726,174582,1.19284e+10,2.48304,nan,nan,0.228345,0.0629397,0.238558,0.225397,0.0623464,0.0616533,0.229667,0.00646247,0.0662567,0.0059919,1,14.8125,-31.7959,0.181818,57.2487,14.7825,0.192532,129.946,6.30929
556699,L35n2160TNG,99,2.22045e-16,462756,408781,2.65328e+10,1.63473,nan,nan,0.0209658,0.503759,0.0213414,0.020424,0.486774,0.532135,0.0263584,0.00611976,0.50403,0.00670517,2,5.8125,60.521,0.857143,44.5362,14.8106,0.0264501,161.449,5.7827
557076,L35n2160TNG,99,2.22045e-16,340757,298998,2.04024e+10,2.66414,nan,nan,0.108154,0.111428,0.102132,0.113849,0.109889,0.112743,0.111803,0.00633866,0.11346,0.00718847,1,14.8125,15.9758,0,43.3946,14.7694,0.155422,150.934,14.15
557396,L35n2160TNG,99,2.22045e-16,493507,406243,2.93603e+10,3.9433,nan,nan,0.161948,0.102696,0.159671,0.16179,0.102485,0.102677,0.163331,0.00662428,0.105316,0.00568238,1,0,-15.6986,0,65.5913,1.03687,3.77937,159.384,17.27
557721,L35n2160TNG,99,2.22045e-16,712029,661757,4.11699e+10,3.44676,nan,nan,0.0246283,0.0537706,0.0253105,0.0245404,0.0547538,0.0536559,0.0292222,0.00374015,0.0562343,0.00393298,2,4.3125,-0.113957,1,39.8833,4.515,0.186899,194.717,10.25
558067,L35n2160TNG,99,2.22045e-16,338516,283409,2.03268e+10,2.59992,nan,nan,0.447589,0.501584,0.453844,0.441702,0.522655,0.480797,0.44836,0.00666523,0.502232,0.00651048,2,14.8125,60.4678,0.806452,64.3913,14.8125,0,119.524,15.71
558410,L35n2160TNG,99,2.22045e-16,423761,332876,2.57249e+10,2.6485,nan,nan,0.0577029,0.0577564,0.0580896,0.0569007,0.0610296,0.0552501,0.0624776,0.00589274,0.061096,0.00578767,2,14.8125,-23.3221,0.222222,43.4097,14.6962,0.203297,141.145,12.59
558731,L35n2160TNG,99,2.22045e-16,511178,429418,3.00291e+10,2.38911,nan,nan,0.152936,0.0588265,0.164668,0.146316,0.0602193,0.0580964,0.154915,0.00573145,0.0618375,0.00530735,2,3.1875,-30.1296,0.133333,52.2649,14.8125,0,156.294,4.59483
559036,L35n2160TNG,99,2.22045e-16,559356,473124,3.35644e+10,3.05452,nan,nan,0.0642322,0.100342,0.0649948,0.0637583,0.102097,0.100061,0.067179,0.00599272,0.102184,0.00628645,2,14.8125,-23.1708,0.666667,35.184,14.8125,0,161.173,19.61
559386,L35n2160TNG,99,2.22045e-16,731778,627488,4.27691e+10,2.86626,nan,nan,0.0733747,0.0409479,0.0742748,0.0726654,0.0399541,0.0413289,0.0751119,0.00418273,0.0428532,0.00494035,2,12.5625,-17.5132,0,61.2892,13.0538,0.660671,192.15,10.25
559711,L35n2160TNG,99,2.22045e-16,178869,167167,1.05901e+10,1.75673,nan,nan,0.0554637,0.0823967,0.0552041,0.0562887,0.0882089,0.0758188,0.0654011,0.00987001,0.0878081,0.0103415,1,14.8125,51.8088,0.583333,59.7155,14.7244,0.159,131.703,2.39754
560082,L35n2160TNG,99,2.22045e-16,473086,434904,2.83688e+10,3.09606,nan,nan,0.124333,0.356934,0.121844,0.125362,0.372958,0.349518,0.126055,0.0049592,0.357111,0.0050427,2,14.8125,10.0243,0.323529,58.4875,14.8125,0,171.182,5.57
560421,L35n2160TNG,99,2.22045e-16,526387,498606,3.14871e+10,2.95742,nan,nan,0.101695,0.257585,0.106623,0.0966991,0.259103,0.256165,0.102409,0.00449062,0.257361,0.00438193,2,8.0625,-23.6019,0,65.9163,14.8125,0,176.317,9.47
560751,L35n2160TNG,99,2.22045e-16,714711,689280,4.15129e+10,3.09828,nan,nan,0.042075,0.360017,0.0434678,0.0414925,0.335777,0.366234,0.0443898,0.00414716,0.359945,0.00410674,2,6.9375,-34.4297,1,53.4053,6.975,0.163459,194.763,10.25
561001,L35n2160TNG,99,2.22045e-16,450470,386819,2.70562e+10,3.34155,nan,nan,0.0797336,0.119613,0.0782243,0.0819793,0.1227,0.117264,0.0820067,0.00582175,0.121094,0.00637752,2,14.8125,13.9374,0.529412,48.1242,14.7112,0.214472,154.964,19.61
561325,L35n2160TNG,99,2.22045e-16,425218,333139,2.58959e+10,3.18906,nan,nan,0.0726487,0.105438,0.0718686,0.07325,0.106075,0.106371,0.0744257,0.00673941,0.107768,0.00692901,2,14.8125,-41.5305,0.666667,58.346,14.7375,0.15,151.609,19.61
561676,L35n2160TNG,99,2.22045e-16,602052,562322,3.65829e+10,2.84584,nan,nan,0.126283,0.558626,0.132659,0.123905,0.548042,0.56243,0.127166,0.00459914,0.558667,0.00404173,2,12.5625,-13.212,0.513514,31.2473,14.8125,0,175.112,7.91
562029,L35n2160TNG,99,2.22045e-16,541225,485542,3.15468e+10,2.42061,nan,nan,0.0539006,0.119772,0.0519161,0.0545948,0.110403,0.124571,0.0568551,0.00555002,0.12145,0.00561371,2,3.9375,-23.0207,0.823529,31.0858,14.3138,0.817388,170.976,5.40487
562338,L35n2160TNG,99,2.22045e-16,83609,71956,5.06941e+09,3.23578,nan,nan,0.256282,0.155728,0.261296,0.256178,0.16352,0.155167,0.260069,0.0151262,0.163554,0.0139195,1,1.3125,-41.8507,0.8,31.0115,14.775,0.1125,93.7452,12.59
562742,L35n2160TNG,99,2.22045e-16,281478,210227,1.7161e+10,4.03422,nan,nan,0.22768,0.170623,0.239836,0.225574,0.166649,0.172958,0.228939,0.00732817,0.172069,0.00664814,1,14.8125,-14.004,0.235294,52.3484,14.8125,0,130.848,14.93
563471,L35n2160TNG,99,2.22045e-16,278237,243825,1.65144e+10,2.43727,nan,nan,0.11581,0.0596974,0.117735,0.113822,0.0556371,0.0642515,0.117539,0.00912275,0.0666858,0.00848585,2,2.4375,4.3278,0.111111,49.3011,14.4375,0.0375,149.023,11.5189
563732,L35n2160TNG,99,2.22045e-16,638195,595919,3.66733e+10,3.90126,nan,nan,0.0603183,0.0342611,0.0603154,0.0602353,0.0333307,0.0338954,0.0623317,0.00490841,0.0381702,0.00414472,2,2.4375,30.5683,1,40.327,2.4375,0,192.843,12.59
563943,L35n2160TNG,99,2.22045e-16,469865,436797,2.81036e+10,2.88457,nan,nan,0.123216,0.128425,0.120186,0.127406,0.135019,0.118836,0.123845,0.00480913,0.128786,0.00498578,2,2.0625,3.49889,0,51.3833,13.1119,1.67826,162.485,12.59
564268,L35n2160TNG,99,2.22045e-16,461141,441313,2.71808e+10,1.62819,nan,nan,0.0901218,0.173925,0.0890337,0.0908924,0.168238,0.17793,0.0911705,0.0055779,0.174472,0.00573438,2,1.6875,-20.619,0,68.5759,14.6231,0.297641,193.089,3.75663
564498,L35n2160TNG,99,2.22045e-16,502556,444608,2.85719e+10,1.55993,nan,nan,0.0990358,0.331288,0.0941306,0.106537,0.300069,0.378761,0.100792,0.00730281,0.331775,0.00760653,2,2.8125,-34.2445,0.111111,39.8405,14.715,0.192094,146.872,5.05219
564825,L35n2160TNG,99,2.22045e-16,254107,202107,1.54438e+10,3.00607,nan,nan,0.168151,0.179873,0.17474,0.162472,0.185843,0.176963,0.17028,0.00729102,0.180579,0.00746704,3,14.8125,-33.6398,0.153846,41.5109,14.8125,0,119.856,11.03
565089,L35n2160TNG,99,2.22045e-16,685579,606763,3.95309e+10,3.06459,nan,nan,0.0541762,0.172163,0.0538415,0.0541136,0.164641,0.17505,0.0568054,0.00539467,0.17295,0.00555521,2,5.0625,-2.78848,1,28.2776,13.6031,0.439627,176.137,19.61
565251,L35n2160TNG,99,2.22045e-16,596780,359900,3.55391e+10,2.89474,nan,nan,0.0604906,0.0449359,0.0573868,0.062696,0.0479419,0.0430267,0.064508,0.00580904,0.0498759,0.00607343,1,14.8125,14.5194,1,48.8649,14.8125,0,164.131,10.25
565537,L35n2160TNG,99,2.22045e-16,137466,100621,8.49474e+09,2.06941,nan,nan,0.180579,0.181592,0.188341,0.17352,0.187663,0.175591,0.185341,0.0134721,0.183969,0.0125208,2,13.3125,16.6055,0.392857,49.3906,14.8125,0,102.134,14.9498
565947,L35n2160TNG,99,2.22045e-16,342093,304424,2.07503e+10,2.24718,nan,nan,0.138262,0.107217,0.145599,0.133614,0.106828,0.107486,0.139531,0.00538869,0.108297,0.00501982,1,0,23.3724,0,54.2005,7.77844,6.43606,157.139,6.44234
566365,L35n2160TNG,99,2.22045e-16,543639,515488,3.24702e+10,3.03166,nan,nan,0.127122,0.189839,0.131224,0.125504,0.19602,0.187465,0.127981,0.0043487,0.190278,0.00436803,2,3.9375,14.0839,0,71.041,14.8106,0.0264501,176.634,9.47
566661,L35n2160TNG,99,2.22045e-16,368224,259974,2.18858e+10,3.29526,nan,nan,0.140719,0.275901,0.145638,0.136954,0.284049,0.271694,0.144174,0.00707884,0.277777,0.00807112,2,14.8125,-59.3131,0.68,47.4655,14.8125,0,143.411,17.27
567004,L35n2160TNG,99,2.22045e-16,394148,358897,2.38446e+10,3.2869,nan,nan,0.0918852,0.255828,0.092688,0.0911634,0.252221,0.257883,0.0938354,0.00563849,0.256378,0.00546997,2,6.9375,13.8861,0.25,60.7522,14.7206,0.334355,164.554,11.81
567382,L35n2160TNG,99,2.22045e-16,591037,538289,3.5085e+10,3.06752,nan,nan,0.0674536,0.0664836,0.068265,0.0668791,0.0681354,0.0652937,0.0694321,0.00524169,0.069209,0.00487029,1,14.8125,-2.67456,0.333333,43.8034,14.7056,0.437928,174.63,14.93
567607,L35n2160TNG,99,2.22045e-16,515043,480870,3.03962e+10,2.62255,nan,nan,0.0634119,0.143226,0.0638683,0.0630318,0.135294,0.147538,0.0650761,0.00469024,0.143947,0.0049717,2,3.9375,-26.3717,0,59.6481,14.8125,0,179.381,11.03
567897,L35n2160TNG,99,2.22045e-16,346643,265689,2.10758e+10,2.6921,nan,nan,0.0791356,0.0796228,0.0781622,0.0800734,0.0769273,0.0828596,0.082046,0.0078969,0.0836107,0.00760497,1,13.3125,-35.5081,1,48.4028,14.7469,0.142488,143.55,9.47
568303,L35n2160TNG,99,2.22045e-16,167343,136964,9.93938e+09,2.33689,nan,nan,0.127466,0.0703896,0.128239,0.126781,0.0697653,0.0711839,0.129399,0.00952431,0.0757522,0.00826712,1,14.4375,-7.57904,0.5,54.2647,14.52,0.57138,112.934,15.42
568646,L35n2160TNG,99,2.22045e-16,436819,400326,2.51265e+10,1.71224,nan,nan,0.0286435,0.36015,0.028957,0.0283131,0.350356,0.369485,0.0321022,0.00568752,0.360634,0.00644929,2,3.9375,51.3208,0.833333,28.8874,14.7169,0.400386,149.638,6.57103
568923,L35n2160TNG,99,2.22045e-16,557361,508782,3.20921e+10,4.54191,nan,nan,0.0674061,0.0474548,0.0720972,0.0645056,0.0471219,0.0469743,0.0705042,0.0043294,0.0507517,0.00418049,2,1.6875,-60.4389,1,50.7274,2.40563,2.71656,170.965,8.69
569251,L35n2160TNG,99,2.22045e-16,670495,635263,4.00368e+10,4.62696,nan,nan,0.0982132,0.163177,0.101926,0.0971303,0.158132,0.164756,0.0993511,0.00356636,0.163961,0.00366379,2,3.5625,52.9299,0,72.5167,14.8125,0,190.575,14.15
569452,L35n2160TNG,99,2.22045e-16,489052,370541,2.91268e+10,2.86106,nan,nan,0.0555323,0.0708791,0.058013,0.0546031,0.0716075,0.0704435,0.061328,0.00645394,0.0741,0.00681023,2,14.8125,13.9911,0.166667,56.1873,14.7656,0.139999,160.098,19.61
569653,L35n2160TNG,99,2.22045e-16,451941,283372,2.71567e+10,2.69991,nan,nan,0.125399,0.0847234,0.123524,0.12682,0.0812434,0.0870993,0.126677,0.00737591,0.0881023,0.00729174,1,0,-26.8647,0,27.3494,0.473438,2.48704,145.769,19.61
569877,L35n2160TNG,99,2.22045e-16,289672,243034,1.7644e+10,2.41344,nan,nan,0.0962945,0.0720717,0.0913943,0.101423,0.0755165,0.0687773,0.0989871,0.00690935,0.0755749,0.0083987,2,11.4375,3.07617,0.222222,53.6437,13.7569,0.617416,148.776,6.89457
570319,L35n2160TNG,99,2.22045e-16,456842,411457,2.70056e+10,3.9046,nan,nan,0.12836,0.114009,0.130574,0.127983,0.11821,0.113347,0.129559,0.00557645,0.116072,0.0053163,2,14.8125,-27.74,0.111111,54.29,14.8125,0,152.712,18.83
570598,L35n2160TNG,99,2.22045e-16,325163,288358,1.92915e+10,2.28132,nan,nan,0.113872,0.102269,0.11503,0.113021,0.0928874,0.108693,0.115434,0.00667668,0.10488,0.00674811,2,3.5625,-17.9979,0.833333,43.8021,14.8125,0,143.196,8.66527
570841,L35n2160TNG,99,2.22045e-16,431921,369136,2.55325e+10,2.12491,nan,nan,0.0865137,0.0736133,0.0844928,0.0862881,0.0703619,0.0746416,0.0890856,0.00590526,0.0755143,0.005808,1,6.1875,-34.9947,1,35.9029,9.86344,5.5355,151.424,4.78982
571072,L35n2160TNG,99,2.22045e-16,271372,225332,1.61293e+10,1.89947,nan,nan,0.165221,0.179424,0.162698,0.168438,0.190813,0.167087,0.165884,0.00640688,0.179005,0.00735624,1,13.3125,-41.0281,0.275862,54.1925,14.8125,0,124.421,3.73306
571633,L35n2160TNG,99,2.22045e-16,672125,544668,4.00899e+10,4.34081,nan,nan,0.27227,0.270545,0.270152,0.276761,0.279587,0.259787,0.272424,0.00321951,0.270935,0.00368218,2,14.8125,45.5149,0.730769,46.9644,14.8125,0,176.056,9.47
571908,L35n2160TNG,99,2.22045e-16,416871,271966,2.50839e+10,2.19421,nan,nan,0.222502,0.32542,0.227154,0.216571,0.315816,0.33834,0.222499,0.00529504,0.325591,0.00681499,2,14.8125,-64.4864,0.666667,42.9563,14.8125,0,124.904,4.93397
572121,L35n2160TNG,99,2.22045e-16,404493,304672,2.40299e+10,3.47476,nan,nan,0.147149,0.134968,0.153192,0.144114,0.133346,0.135718,0.149104,0.00747356,0.137362,0.00762218,2,14.8125,-19.7816,0.5,45.1918,14.8125,0,143.087,19.61
572328,L35n2160TNG,99,2.22045e-16,749322,666265,4.33972e+10,2.63005,nan,nan,0.0783756,0.0503561,0.0785022,0.0781488,0.0473541,0.0528722,0.0789372,0.00436182,0.0518601,0.00424236,1,0.9375,8.78211,0,35.3683,0.895312,0.194348,179.353,4.79
572457,L35n2160TNG,99,2.22045e-16,151181,134663,9.00771e+09,3.88566,nan,nan,0.0706049,0.117856,0.069632,0.0707809,0.117534,0.118155,0.079018,0.00890074,0.121969,0.00863007,1,14.8125,12.5874,0,33.9073,14.79,0.174446,114.384,14.15
572840,L35n2160TNG,99,2.22045e-16,573991,484491,3.39764e+10,1.69074,nan,nan,0.0819986,0.106328,0.0810112,0.0827039,0.110204,0.103789,0.0827627,0.00493665,0.106671,0.00476955,2,0,-7.18621,0,64.7457,10.5647,5.55569,185.86,5.44986
573062,L35n2160TNG,99,2.22045e-16,423945,360883,2.5088e+10,1.77364,nan,nan,0.067983,0.168289,0.074267,0.0627734,0.173231,0.164414,0.069829,0.00500122,0.168857,0.00495402,2,0.9375,-8.11526,0.25,47.6041,14.295,0.871873,161.855,3.5116
573413,L35n2160TNG,99,2.22045e-16,304666,243397,1.84898e+10,3.99815,nan,nan,0.0829664,0.215103,0.0814669,0.0829838,0.225358,0.213219,0.086472,0.00652456,0.21607,0.00710884,2,11.0625,36.6723,0.470588,64.0292,14.8087,0.037312,138.2,19.61
573738,L35n2160TNG,99,2.22045e-16,276337,188896,1.6872e+10,3.24553,nan,nan,0.213834,0.292701,0.212314,0.216541,0.296905,0.28844,0.215075,0.0070312,0.293538,0.00747336,2,14.8125,6.53061,0.827586,35.1356,14.8125,0,112.49,17.27
574037,L35n2160TNG,99,2.22045e-16,560890,527470,3.20002e+10,2.53226,nan,nan,0.039382,0.484396,0.0399596,0.0392795,0.458994,0.491772,0.0427283,0.0055725,0.484626,0.00562208,2,5.8125,68.1313,0.625,52.8053,13.9669,0.764851,176.717,5.57
574286,L35n2160TNG,99,2.22045e-16,364697,352564,2.18432e+10,3.05517,nan,nan,0.0670119,0.162554,0.0649786,0.0675001,0.165954,0.161874,0.0696616,0.00509232,0.162792,0.0050783,2,3.1875,60.8838,0.793103,72.1825,14.8125,0,167.931,8.69
574615,L35n2160TNG,99,2.22045e-16,429165,386162,2.56796e+10,3.94389,nan,nan,0.124896,0.103495,0.129567,0.122051,0.107198,0.101517,0.125741,0.00455768,0.105432,0.00422792,1,13.3125,-23.7095,1,31.4638,8.63813,6.48272,161.499,14.15
574883,L35n2160TNG,99,2.22045e-16,162470,135387,9.88467e+09,1.96221,nan,nan,0.158504,0.126667,0.149246,0.169863,0.129743,0.122704,0.159996,0.00848075,0.128218,0.00854213,1,14.0625,5.51608,0.5,51.3301,14.5444,0.307814,103.948,5.6672
575190,L35n2160TNG,99,2.22045e-16,437594,326368,2.57346e+10,3.3666,nan,nan,0.0461276,0.12893,0.044435,0.0463783,0.136425,0.127458,0.0550841,0.00686046,0.131971,0.00731432,2,11.0625,21.4801,0.636364,45.8124,14.3981,0.664922,149.778,18.05
575356,L35n2160TNG,99,2.22045e-16,598154,561634,3.48085e+10,2.37301,nan,nan,0.0298471,0.094087,0.0298111,0.0299132,0.0862534,0.100074,0.0325898,0.00414073,0.0952381,0.00449906,2,2.8125,17.4363,1,42.8341,9.02063,4.90114,190.524,4.56649
575596,L35n2160TNG,99,2.22045e-16,415493,350997,2.50947e+10,3.58183,nan,nan,0.158814,0.186572,0.152524,0.161544,0.188905,0.184894,0.160447,0.00488554,0.186941,0.00555909,1,8.0625,31.3495,1,36.221,12.6319,0.243252,144.806,14.93
575863,L35n2160TNG,99,2.22045e-16,383170,325693,2.28235e+10,2.75116,nan,nan,0.0992421,0.0955027,0.100453,0.0980878,0.0966333,0.0941978,0.103375,0.00791754,0.0975491,0.00825655,2,14.8125,5.90059,0,52.8969,14.8125,0,156.749,15.71
576062,L35n2160TNG,99,2.22045e-16,419357,365111,2.50295e+10,3.69247,nan,nan,0.0829225,0.0783994,0.087269,0.0815082,0.076985,0.0779204,0.085736,0.00585203,0.0828884,0.0054428,2,14.4375,-33.3669,0.0769231,66.9576,14.8125,0,155.488,19.61
576254,L35n2160TNG,99,2.22045e-16,400233,359102,2.38277e+10,2.28118,nan,nan,0.0379755,0.0498576,0.0370671,0.038934,0.0530979,0.0463575,0.0440041,0.00665385,0.0549025,0.00663928,1,14.8125,24.6844,1,50.3096,12.5728,5.07326,155.893,17.8944
576516,L35n2160TNG,99,2.22045e-16,597495,560755,3.41389e+10,1.9053,nan,nan,0.0356995,0.308269,0.0353454,0.0359389,0.303798,0.31302,0.0406308,0.00702416,0.308695,0.00663048,2,5.0625,-21.6557,0.857143,30.038,14.7769,0.109956,186.511,8.46091
576705,L35n2160TNG,99,2.22045e-16,295181,281600,1.70271e+10,1.18369,nan,nan,0.183775,0.142491,0.181844,0.187214,0.12728,0.167516,0.184114,0.00821396,0.147246,0.00704554,2,2.0625,14.7782,0.25,37.2828,14.7056,0.249812,164.345,1.75573
577125,L35n2160TNG,99,2.22045e-16,344191,266582,2.03371e+10,2.98799,nan,nan,0.0710123,0.0908413,0.0742973,0.0688092,0.0940124,0.0888754,0.0746699,0.0064436,0.0938003,0.00712713,1,7.6875,4.22482,1,55.1163,9.17812,1.25341,132.441,19.61
577372,L35n2160TNG,99,2.22045e-16,544938,519807,3.23613e+10,2.92373,nan,nan,0.0479805,0.406317,0.0486678,0.0470049,0.40253,0.411256,0.0503888,0.00534496,0.406293,0.00511212,2,9.9375,-10.8683,0.725,28.137,14.7656,0.12402,187.763,7.91
577576,L35n2160TNG,99,2.22045e-16,494459,405580,2.91331e+10,2.76472,nan,nan,0.0455579,0.0301941,0.0456862,0.0456967,0.0322699,0.0298995,0.0522422,0.00653527,0.0389758,0.00654739,2,14.4375,-2.17624,0.333333,54.6667,14.7863,0.0956801,152.444,18.83
577719,L35n2160TNG,99,2.22045e-16,420665,384847,2.50371e+10,2.74194,nan,nan,0.0981121,0.0487877,0.0974349,0.0989987,0.0490504,0.0485012,0.0996732,0.0053942,0.0513529,0.0052536,1,0,-29.1776,0,43.2264,0.797813,3.31164,163.014,16.49
577924,L35n2160TNG,99,2.22045e-16,262160,241534,1.57947e+10,4.26752,nan,nan,0.196835,0.306181,0.191096,0.196222,0.305318,0.305797,0.197937,0.00562088,0.306841,0.0063107,2,8.0625,12.0068,0.375,59.9789,11.0044,0.1408,130.453,14.93
578294,L35n2160TNG,99,2.22045e-16,463291,405689,2.75748e+10,3.47618,nan,nan,0.101252,0.169156,0.101979,0.101766,0.183843,0.168541,0.102871,0.0055803,0.170687,0.00525403,2,11.0625,-42.424,0.2,64.4835,14.3588,0.196973,149.305,19.61
578541,L35n2160TNG,99,2.22045e-16,265981,243049,1.61367e+10,4.49877,nan,nan,0.110639,0.121476,0.115135,0.100009,0.118856,0.128636,0.113183,0.00589952,0.123517,0.00560671,3,8.4375,-6.77957,1,34.0166,8.10094,2.24455,143.2,9.47
578834,L35n2160TNG,99,2.22045e-16,271865,229468,1.64143e+10,3.74885,nan,nan,0.315202,0.209666,0.317043,0.31466,0.213582,0.208866,0.316228,0.00683968,0.211546,0.00715651,1,9.1875,-7.11833,0.818182,39.1176,14.235,1.63753,136.677,17.27
579232,L35n2160TNG,99,2.22045e-16,344440,310610,2.06911e+10,5.64648,nan,nan,0.156465,0.102994,0.169966,0.14684,0.103613,0.102003,0.157761,0.00453634,0.106184,0.00424602,2,14.8125,-8.38682,0,45.7845,14.79,0.0890576,147.402,14.15
579509,L35n2160TNG,99,2.22045e-16,304659,263360,1.84122e+10,2.45775,nan,nan,0.146852,0.102979,0.144133,0.148963,0.108234,0.098256,0.148255,0.00795123,0.105046,0.00752575,1,14.8125,24.8719,0.368421,61.4665,14.8125,0,136.317,8.54803
579759,L35n2160TNG,99,2.22045e-16,375613,324484,2.19032e+10,3.92947,nan,nan,0.210536,0.146437,0.216516,0.209997,0.144225,0.146736,0.211452,0.00611305,0.147958,0.00563955,1,4.3125,24.0487,1,39.1199,14.8125,0,142.837,19.61
580035,L35n2160TNG,99,2.22045e-16,505955,475879,3.03656e+10,4.74169,nan,nan,0.148324,0.207407,0.157273,0.13627,0.219869,0.189644,0.149309,0.00409927,0.208058,0.00421119,2,14.8125,-5.70231,0.555556,52.9203,14.8125,0,169.565,9.47
580406,L35n2160TNG,99,2.22045e-16,569441,525833,3.3575e+10,2.12021,nan,nan,0.067968,0.278916,0.0731529,0.0625721,0.2743,0.283799,0.0692752,0.00386881,0.279294,0.00454742,2,4.6875,41.9313,0.882353,36.121,11.0325,2.5876,202.051,4.12156
580641,L35n2160TNG,99,2.22045e-16,461068,355551,2.74021e+10,4.28269,nan,nan,0.0821991,0.0843032,0.0817543,0.0820347,0.090093,0.0823231,0.0855268,0.00524815,0.0872346,0.00533144,1,0,19.4606,0,53.7762,0.58125,2.30167,152.801,18.83
580907,L35n2160TNG,99,2.22045e-16,393173,307439,2.31704e+10,2.57038,nan,nan,0.0908378,0.067163,0.0971957,0.0865064,0.070259,0.0649134,0.0943908,0.00768794,0.0717961,0.00765244,1,0,37.3908,0,63.1715,2.37375,5.12498,138.33,19.61
581058,L35n2160TNG,99,2.22045e-16,375323,272972,2.23337e+10,1.97565,nan,nan,0.0496831,0.0688074,0.0480959,0.0514199,0.0705956,0.066827,0.0533467,0.00716789,0.0714852,0.00734078,2,14.8125,-40.7409,0.75,50.2775,14.8125,0,83.8626,11.2137
581308,L35n2160TNG,99,2.22045e-16,200068,178003,1.18607e+10,4.08549,nan,nan,0.0717223,0.0941823,0.0711803,0.070553,0.0909747,0.0936826,0.0786686,0.00692479,0.097692,0.00695413,2,14.8125,13.6094,0,52.8403,14.8125,0,124.411,17.27
581656,L35n2160TNG,99,2.22045e-16,437874,360648,2.59964e+10,4.72853,nan,nan,0.0592014,0.219876,0.0627243,0.059917,0.22656,0.221006,0.064098,0.00486907,0.220727,0.00533954,2,12.1875,45.2571,0.785714,52.0058,14.7994,0.160759,139.145,19.61
581912,L35n2160TNG,99,2.22045e-16,358315,310660,2.14206e+10,3.09543,nan,nan,0.0662573,0.0726414,0.0690517,0.066046,0.0690991,0.0741425,0.0694709,0.0059473,0.077094,0.00615542,1,0,6.67331,0,42.6517,0,0,151.62,11.03
582137,L35n2160TNG,99,2.22045e-16,346718,308467,2.06208e+10,1.80282,nan,nan,0.153216,0.094855,0.158882,0.150661,0.0987655,0.093475,0.15351,0.00527079,0.0958841,0.00537783,2,1.6875,-12.9808,0.333333,35.6172,14.4,0.594112,154.639,5.23366
582344,L35n2160TNG,99,2.22045e-16,293365,260544,1.74014e+10,3.40771,nan,nan,0.214816,0.0723722,0.213254,0.215197,0.0754284,0.0712829,0.216008,0.00737249,0.0764934,0.00651156,1,14.0625,-37.9454,0.857143,37.4928,14.3906,0.309091,136.538,19.61
582612,L35n2160TNG,99,2.22045e-16,305583,259288,1.85669e+10,3.03317,nan,nan,0.111121,0.10733,0.108534,0.112173,0.104377,0.108839,0.114142,0.00962951,0.110371,0.00864027,1,12.5625,-20.8596,0.4,55.4217,14.1694,0.232311,149.533,18.83
582809,L35n2160TNG,99,2.22045e-16,385055,357577,2.2723e+10,1.23191,nan,nan,0.0926668,0.228376,0.0935489,0.0907912,0.21575,0.249623,0.0938547,0.00691468,0.228529,0.00697374,2,2.4375,-32.0421,0.428571,35.2264,14.8106,0.0264501,187.411,1.80974
583027,L35n2160TNG,99,2.22045e-16,482027,440772,2.87166e+10,4.60286,nan,nan,0.0548744,0.0977175,0.0536872,0.0558538,0.104846,0.0910747,0.0574254,0.00369535,0.0997539,0.00383329,2,0,-12.448,0,45.9457,6.04875,5.8158,167.62,11.81
583256,L35n2160TNG,99,2.22045e-16,232499,201461,1.36681e+10,2.28557,nan,nan,0.132986,0.0655649,0.130362,0.13453,0.0682699,0.0632113,0.133917,0.0065467,0.0678213,0.00644625,1,14.8125,6.98983,0.857143,43.3542,14.7356,0.17306,126.548,5.83536
583451,L35n2160TNG,99,2.22045e-16,97396,89422,5.86927e+09,2.99466,nan,nan,0.129883,0.0853444,0.130569,0.128807,0.0887141,0.0838722,0.136593,0.0125954,0.101546,0.0121645,1,14.8125,-40.0558,0,67.8306,14.8125,0,120.914,18.83
583745,L35n2160TNG,99,2.22045e-16,389401,334918,2.33909e+10,3.15519,nan,nan,0.130234,0.182619,0.128542,0.131417,0.192432,0.175138,0.132566,0.00629872,0.183531,0.00690194,2,9.5625,0.769394,0.428571,34.8676,13.4887,0.414048,132.485,19.61
584007,L35n2160TNG,99,2.22045e-16,280857,259689,1.6581e+10,2.12568,nan,nan,0.0564575,0.111795,0.0586595,0.054838,0.11034,0.113306,0.0612596,0.00887937,0.113863,0.00898706,2,3.1875,34.4719,0.6875,36.3794,14.8125,0,134.714,7.4323
584286,L35n2160TNG,99,2.22045e-16,374427,313426,2.24151e+10,2.32228,nan,nan,0.0663768,0.119146,0.0654295,0.0667215,0.118785,0.118893,0.067679,0.00586775,0.119963,0.00565692,2,2.0625,-23.6112,0.166667,60.5542,14.6137,0.233917,156.349,5.20034
584511,L35n2160TNG,99,2.22045e-16,333999,275650,2.00974e+10,3.34269,nan,nan,0.0657037,0.0805529,0.0675632,0.0652578,0.0785571,0.0809199,0.0716933,0.00621152,0.0840902,0.0064301,1,12.1875,-30.6555,0.75,51.6033,13.2844,1.28759,149.308,19.61
584724,L35n2160TNG,99,2.22045e-16,355801,305944,2.08328e+10,1.76962,nan,nan,0.0624723,0.0803976,0.0650976,0.0578661,0.0792,0.0825488,0.0656342,0.00695827,0.0831121,0.00804108,2,14.8125,-22.7904,0.5,49.8219,14.8125,0,123.519,3.50453
584875,L35n2160TNG,99,2.22045e-16,263974,238467,1.59828e+10,2.33281,nan,nan,0.0985665,0.035066,0.0930601,0.103175,0.0331237,0.0368874,0.100529,0.00597573,0.0414292,0.00537999,1,1.3125,39.1401,1,41.3635,8.41125,3.98816,134.273,4.49574
585079,L35n2160TNG,99,2.22045e-16,152543,133357,9.19484e+09,3.14124,nan,nan,0.0906387,0.103401,0.0934081,0.0888013,0.102407,0.10354,0.093972,0.00782342,0.106081,0.00698316,1,14.0625,-7.75679,1,36.098,14.2406,0.355633,110.172,7.91
585282,L35n2160TNG,99,2.22045e-16,337259,303047,2.01976e+10,2.62255,nan,nan,0.0730595,0.173307,0.0762229,0.0699614,0.182626,0.163798,0.0775766,0.00751968,0.175095,0.00857074,2,2.8125,-30.8938,0.727273,45.6055,13.9688,0.345224,151.299,9.47
585517,L35n2160TNG,99,2.22045e-16,239116,204681,1.40272e+10,1.39502,nan,nan,0.0491232,0.130111,0.0505859,0.0481168,0.121288,0.139198,0.0546879,0.00988566,0.131233,0.0103744,2,2.4375,20.2266,0.176471,39.5553,14.7863,0.115644,100.116,2.84523
585839,L35n2160TNG,99,2.22045e-16,395047,336763,2.29629e+10,3.57031,nan,nan,0.171031,0.0596201,0.170292,0.17126,0.0601837,0.0594695,0.172041,0.00536973,0.0634638,0.00513701,1,0,-0.621277,0,33.7981,0.255,1.79462,140.715,19.61
586066,L35n2160TNG,99,2.22045e-16,382272,338316,2.24421e+10,2.58503,nan,nan,0.0512164,0.147709,0.0519395,0.0506641,0.152902,0.143929,0.0539806,0.00604717,0.148883,0.00599802,2,14.8125,0.654223,0,79.657,14.4844,1.72976,156.789,14.15
586169,L35n2160TNG,99,2.22045e-16,427530,359768,2.50328e+10,1.92399,nan,nan,0.0596059,0.359377,0.0637417,0.0539588,0.349685,0.37292,0.0619602,0.00636902,0.359668,0.0068525,2,4.6875,-20.6757,0,60.1516,14.8125,0,131.577,4.37191
586420,L35n2160TNG,99,2.22045e-16,222577,173318,1.35557e+10,3.29975,nan,nan,0.109385,0.419244,0.114404,0.105794,0.414342,0.423086,0.111627,0.00670188,0.420143,0.00704494,2,14.8125,7.08774,0.741935,27.5405,14.8125,0,108.756,7.13
586670,L35n2160TNG,99,2.22045e-16,372654,295074,2.23585e+10,3.42385,nan,nan,0.0898284,0.0763173,0.0910713,0.0893894,0.0798713,0.075117,0.0922758,0.0073074,0.0811577,0.00683522,2,14.8125,-26.0242,0,56.3653,14.8125,0,148.404,18.83
586836,L35n2160TNG,99,2.22045e-16,331417,305479,1.88971e+10,2.1287,nan,nan,0.0414462,0.15318,0.0424505,0.0407436,0.151967,0.154417,0.0489765,0.00849602,0.154854,0.00972941,2,2.8125,18.7252,0.888889,31.9424,12.3075,2.70904,144.528,16.0378
587019,L35n2160TNG,99,2.22045e-16,346308,312811,2.04609e+10,3.08241,nan,nan,0.0761613,0.065047,0.0774759,0.0743375,0.0677897,0.0633788,0.0785258,0.00473113,0.0670366,0.00526292,2,3.1875,-2.7606,0.888889,43.9812,12.7594,3.53196,135.665,7.13
587256,L35n2160TNG,99,2.22045e-16,201313,190277,1.18161e+10,1.3838,nan,nan,0.0505971,0.0546379,0.0498114,0.0514067,0.0547191,0.0545764,0.0545129,0.00941648,0.0568448,0.00939647,1,14.8125,1.00916,0.272727,50.6807,14.7881,0.0997634,136.572,4.09394
587500,L35n2160TNG,99,2.22045e-16,194165,172760,1.1632e+10,2.12262,nan,nan,0.0944247,0.0526971,0.0974642,0.0899351,0.0523789,0.052004,0.101014,0.012778,0.0641931,0.0109137,1,9.1875,16.09,0.1,49.2212,13.9369,0.897871,127.06,6.10353
587819,L35n2160TNG,99,2.22045e-16,392354,355793,2.31173e+10,3.63414,nan,nan,0.0615664,0.0995833,0.0607597,0.0623482,0.0973929,0.101261,0.0669922,0.00567207,0.102153,0.00578317,1,0,21.4077,0,53.3626,0.134063,1.11217,154.313,14.15
588004,L35n2160TNG,99,2.22045e-16,512089,472188,3.05409e+10,2.1495,nan,nan,0.0765935,0.159793,0.0785557,0.0756558,0.15484,0.162132,0.076992,0.00459964,0.159883,0.0047192,2,10.3125,18.2331,0.461538,44.2035,14.7263,0.274827,190.817,5.50879
588178,L35n2160TNG,99,2.22045e-16,482140,412086,2.90205e+10,2.76435,nan,nan,0.0255628,0.585615,0.026498,0.0252113,0.587477,0.58484,0.0301381,0.00449539,0.585935,0.00424019,2,13.3125,44.4764,0.875,16.4782,14.8125,0,146.725,9.47
588399,L35n2160TNG,99,2.22045e-16,401356,343493,2.30062e+10,1.43098,nan,nan,0.147196,0.953239,0.14413,0.153199,0.933546,0.990703,0.146741,0.00735189,0.953644,0.0055742,2,7.3125,17.2544,0.823529,19.1042,14.7037,0.232953,66.5564,6.41182
588647,L35n2160TNG,99,2.22045e-16,325105,260770,1.95852e+10,3.09356,nan,nan,0.0853931,0.126236,0.0903696,0.0829941,0.134659,0.121713,0.090394,0.00719527,0.129621,0.00724786,2,9.1875,4.99186,0.357143,43.4897,11.7863,0.433299,131.134,19.61
588831,L35n2160TNG,99,2.22045e-16,594859,562678,3.44905e+10,2.51942,nan,nan,0.0272856,0.471791,0.0291583,0.0258242,0.474993,0.469585,0.0315501,0.00342493,0.471472,0.00431042,2,9.9375,47.1302,1,35.0109,11.3869,2.09016,178.758,9.47
588986,L35n2160TNG,99,2.22045e-16,179916,152246,1.05315e+10,1.95316,nan,nan,0.0364756,0.0554075,0.0381457,0.0348378,0.0559503,0.0548757,0.0458492,0.00868822,0.0613201,0.00994748,2,11.4375,-14.3956,1,26.5215,14.5294,0.340606,95.1645,2.01253
589320,L35n2160TNG,99,2.22045e-16,463378,411137,2.68635e+10,2.33498,nan,nan,0.0431541,0.0865952,0.0449531,0.0419159,0.0884354,0.084636,0.0476403,0.00531098,0.0894752,0.00641705,2,2.4375,-6.02314,0.818182,50.1745,14.6606,0.268059,164.51,7.40835
589496,L35n2160TNG,99,2.22045e-16,419399,380447,2.48794e+10,3.38452,nan,nan,0.120145,0.0720138,0.122384,0.119588,0.073802,0.0719703,0.121446,0.00530754,0.0739565,0.00534022,1,14.8125,15.5277,0.4,44.0123,14.8125,0,159.825,10.25
589655,L35n2160TNG,99,2.22045e-16,428146,392472,2.52799e+10,2.5361,nan,nan,0.0850833,0.0860783,0.0858189,0.0838379,0.081187,0.0906344,0.0869725,0.00602198,0.0881975,0.00582181,2,3.1875,-13.3002,1,41.4575,14.8125,0,163.483,11.03
589873,L35n2160TNG,99,2.22045e-16,432379,368373,2.53536e+10,2.96686,nan,nan,0.148923,0.0680637,0.142727,0.152377,0.0645859,0.0698556,0.150052,0.00588998,0.0727931,0.00566938,1,1.6875,-22.1703,0,44.1687,1.76063,0.927469,163.118,19.61
590012,L35n2160TNG,99,2.22045e-16,74708,68000,4.4758e+09,3.12083,nan,nan,0.109536,0.0714318,0.108392,0.109207,0.0709603,0.0713315,0.121609,0.0137439,0.0884562,0.0116302,1,2.8125,31.0767,0.714286,33.7072,13.6387,1.08317,103.154,14.93
590218,L35n2160TNG,99,2.22045e-16,429537,402631,2.5521e+10,3.37868,nan,nan,0.0719982,0.0774484,0.0702618,0.0714626,0.0811668,0.0765505,0.0750816,0.00541483,0.0797711,0.00500165,2,14.8125,-3.64374,0.384615,30.811,14.8125,0,179.212,12.59
590385,L35n2160TNG,99,2.22045e-16,310586,288384,1.82464e+10,1.43387,nan,nan,0.0955883,0.0918155,0.0926725,0.0993283,0.0861129,0.0990572,0.0968297,0.00682537,0.0937189,0.00782026,2,1.6875,-14.066,1,19.4407,14.7919,0.100606,145.587,2.47477
590569,L35n2160TNG,99,2.22045e-16,296000,210048,1.7933e+10,2.02263,nan,nan,0.110368,0.337619,0.113223,0.105885,0.32341,0.358722,0.111542,0.00800426,0.337883,0.00746937,2,4.3125,-2.02116,0,78.5938,14.8125,0,55.144,10.2223
590792,L35n2160TNG,99,2.22045e-16,473395,427915,2.79735e+10,3.55829,nan,nan,0.0467439,0.187388,0.0446616,0.046882,0.195659,0.186635,0.0508358,0.00465015,0.187461,0.00525064,2,8.8125,-0.531566,0.285714,50.7753,8.96438,0.788479,167.45,13.37
590926,L35n2160TNG,99,2.22045e-16,289303,277001,1.70201e+10,1.79515,nan,nan,0.0859593,0.303663,0.0913882,0.0787414,0.293419,0.317193,0.0884858,0.00712755,0.304296,0.00690888,2,4.3125,30.6109,0.7,37.0643,14.8087,0.037312,156.467,4.65835
591210,L35n2160TNG,99,2.22045e-16,316999,299896,1.9207e+10,3.52514,nan,nan,0.205973,0.127399,0.216058,0.203673,0.132728,0.125163,0.206787,0.00500525,0.128249,0.00482864,2,14.4375,-27.7128,0.642857,41.9304,14.7338,0.178234,154.059,9.47
591469,L35n2160TNG,99,2.22045e-16,438256,396793,2.57926e+10,4.53115,nan,nan,0.0838808,0.150415,0.0849597,0.0829779,0.146333,0.152674,0.0858011,0.0040402,0.151152,0.00465416,2,13.6875,5.55126,0,62.5073,14.8125,0,154.816,14.93
591641,L35n2160TNG,99,2.22045e-16,399960,375084,2.35095e+10,3.31521,nan,nan,0.0589984,0.073588,0.057726,0.0593354,0.0745659,0.0731911,0.0625446,0.00488775,0.0746948,0.00588267,1,1.3125,-3.81327,1,39.5772,1.3125,0,155.442,12.59
591796,L35n2160TNG,99,2.22045e-16,473884,440513,2.76379e+10,2.47175,nan,nan,0.0689778,0.0907789,0.0714878,0.0680952,0.0904668,0.0909239,0.0719675,0.00729238,0.0933548,0.00725974,1,2.0625,-15.6133,0,48.7827,14.6794,0.183319,162.017,3.19836
592021,L35n2160TNG,99,2.22045e-16,352256,331587,2.01306e+10,1.55251,nan,nan,0.0321965,0.546072,0.0328562,0.0312708,0.529015,0.568221,0.0371489,0.00787187,0.5469,0.00782114,2,4.3125,22.1244,0.346154,36.4173,14.7263,0.227208,150.127,4.07603
592282,L35n2160TNG,99,2.22045e-16,393252,357311,2.33855e+10,3.00631,nan,nan,0.0954928,0.124904,0.101095,0.0907397,0.129259,0.121275,0.0995342,0.00635347,0.126108,0.00672801,2,1.3125,-35.3385,0.428571,45.1074,12.0938,1.17976,154.779,17.27
592437,L35n2160TNG,99,2.22045e-16,422022,392896,2.51988e+10,3.22812,nan,nan,0.0669728,0.157848,0.0674991,0.0664327,0.166069,0.153638,0.0689924,0.00445899,0.158468,0.00415405,2,1.6875,3.09521,0,56.9068,14.6906,0.175641,168.084,9.47
592662,L35n2160TNG,99,2.22045e-16,303009,282261,1.84261e+10,4.04142,nan,nan,0.137122,0.120947,0.138881,0.135975,0.117158,0.123179,0.139427,0.00548985,0.122783,0.00584184,1,5.8125,-37.9024,0.5,51.4675,12.7847,3.24976,141.676,11.81
592840,L35n2160TNG,99,2.22045e-16,384829,337376,2.30371e+10,2.60605,nan,nan,0.0861909,0.108509,0.0898009,0.0836187,0.101773,0.113258,0.0882052,0.00740515,0.114402,0.00768782,1,13.6875,49.3444,0,66.8046,14.8125,0,153.685,13.37
592984,L35n2160TNG,99,2.22045e-16,168687,129197,1.01581e+10,2.07013,nan,nan,0.0985642,0.315151,0.100274,0.095669,0.326817,0.295611,0.101777,0.00930442,0.316548,0.0112866,2,14.8125,-26.6815,0.90625,27.6289,14.8125,0,91.3229,16.2398
593259,L35n2160TNG,99,2.22045e-16,333097,310534,2.00556e+10,2.59336,nan,nan,0.110251,0.0660172,0.106777,0.110181,0.0619347,0.06569,0.111303,0.00479956,0.0676423,0.00513044,1,12.9375,31.169,1,51.3049,14.6306,0.425881,162.861,7.91
593480,L35n2160TNG,99,2.22045e-16,346594,330011,2.05408e+10,2.8953,nan,nan,0.114778,0.0516797,0.114426,0.115289,0.0531854,0.0504782,0.117577,0.00666081,0.0562566,0.00645836,2,1.6875,44.5646,0.272727,47.1221,14.4169,0.219295,147.675,11.03
593694,L35n2160TNG,99,2.22045e-16,452265,412943,2.58561e+10,2.52325,nan,nan,0.0564521,0.101006,0.0604393,0.0544318,0.0976296,0.102329,0.0600355,0.00584678,0.102228,0.00635173,2,2.8125,-28.16,0.888889,59.4476,12.7837,4.20756,175.976,4.01
593904,L35n2160TNG,99,2.22045e-16,241851,214992,1.446e+10,2.45558,nan,nan,0.0666018,0.115726,0.0709222,0.0627255,0.116084,0.115522,0.0723225,0.00846899,0.117989,0.00977747,1,1.6875,-6.2075,0,60.5152,9.9525,5.06164,142.507,17.7302
594098,L35n2160TNG,99,2.22045e-16,351352,331932,2.11006e+10,3.79767,nan,nan,0.176137,0.165299,0.177199,0.176601,0.167704,0.164281,0.176999,0.00561523,0.16619,0.00448754,1,8.8125,6.21308,0.333333,47.026,11.6137,2.68116,158.784,11.81
594246,L35n2160TNG,99,2.22045e-16,105810,96011,6.38382e+09,1.84479,nan,nan,0.32898,0.21756,0.332695,0.327038,0.205484,0.227186,0.329762,0.00889866,0.219557,0.00947918,1,14.8125,-22.8702,0.310345,33.7861,14.7769,0.109956,97.5278,5.91817
594556,L35n2160TNG,99,2.22045e-16,245575,190167,1.45624e+10,2.29107,nan,nan,0.0583238,0.108993,0.0586473,0.0581798,0.10446,0.113441,0.0684005,0.00983093,0.112028,0.00996512,2,13.3125,57.8111,0.888889,43.452,14.2369,0.547137,131.184,17.972
594731,L35n2160TNG,99,2.22045e-16,247704,209907,1.4632e+10,2.18732,nan,nan,0.0824659,0.270866,0.0848878,0.080322,0.267932,0.273293,0.085131,0.00762068,0.272565,0.00743395,2,14.8125,-15.0186,0.533333,47.9216,14.8125,0,128.143,16.4787
594887,L35n2160TNG,99,2.22045e-16,282708,249400,1.67701e+10,2.76523,nan,nan,0.0779382,0.136175,0.0784328,0.0777213,0.142998,0.131904,0.0820049,0.00700239,0.13835,0.00859925,2,14.8125,-52.7908,0.888889,63.9083,14.61,0.27,137.281,8.69
595100,L35n2160TNG,99,2.22045e-16,352372,317661,2.07471e+10,1.47221,nan,nan,0.0969482,0.223024,0.0972788,0.0966318,0.214323,0.229778,0.0973893,0.00612993,0.223412,0.00634012,2,14.8125,14.503,1,18.9428,14.8125,0,168.321,3.4322
595246,L35n2160TNG,99,2.22045e-16,376479,358471,2.27981e+10,3.50257,nan,nan,0.141869,0.296,0.1439,0.141852,0.297206,0.297101,0.142727,0.00547432,0.296638,0.00571566,2,7.6875,33.4069,0.103448,51.3313,14.8125,0,155.814,13.37
595442,L35n2160TNG,99,2.22045e-16,211662,178155,1.28492e+10,2.99276,nan,nan,0.158763,0.162934,0.154891,0.161455,0.168644,0.159408,0.161671,0.00948542,0.165188,0.0102919,2,14.8125,31.8134,0.7,38.6351,14.8125,0,128.839,19.61
595661,L35n2160TNG,99,2.22045e-16,192947,143673,1.15718e+10,4.36605,nan,nan,0.112805,0.132144,0.110823,0.114131,0.133297,0.131394,0.117398,0.00900452,0.136543,0.0085622,2,14.8125,-41.342,0.818182,35.9653,14.8125,0,113.475,18.83
595887,L35n2160TNG,99,2.22045e-16,350991,333151,2.06199e+10,2.19365,nan,nan,0.0415805,0.0737878,0.0417998,0.0415218,0.0730712,0.0741926,0.0440144,0.00530734,0.0758255,0.0054225,2,2.0625,44.8919,0.857143,31.5828,13.8994,0.901232,171.722,13.1164
595994,L35n2160TNG,99,2.22045e-16,132513,120172,7.76588e+09,1.28894,nan,nan,0.0579443,0.33305,0.0551321,0.0660146,0.310103,0.395226,0.066498,0.011166,0.333642,0.0124043,2,14.8125,-14.9155,0.333333,50.7897,14.8125,0,85.8179,2.26607
596244,L35n2160TNG,99,2.22045e-16,340433,316242,2.0445e+10,2.40907,nan,nan,0.0515958,0.0795118,0.0531792,0.0496551,0.0753782,0.0835356,0.0539498,0.00549947,0.0830449,0.00557921,1,9.1875,-19.4836,1,44.7514,9.4125,2.08361,152.363,14.3917
596400,L35n2160TNG,99,2.22045e-16,110121,92131,6.64731e+09,2.41732,nan,nan,0.0635488,0.125283,0.0650358,0.0618468,0.121749,0.129322,0.0741278,0.012042,0.130713,0.0123926,2,14.8125,-33.3208,0.235294,62.5027,14.8125,0,99.6694,16.7011
596660,L35n2160TNG,99,2.22045e-16,281904,240683,1.69087e+10,1.91543,nan,nan,0.0770113,0.107662,0.0804028,0.0701516,0.106632,0.109791,0.0803681,0.0090445,0.109924,0.0100409,2,14.8125,-4.24979,0.8,18.7172,14.8125,0,135.853,8.50467
596866,L35n2160TNG,99,2.22045e-16,482286,460418,2.8587e+10,3.93392,nan,nan,0.0600307,0.160169,0.0607823,0.0597248,0.162741,0.157515,0.0616097,0.00420144,0.160879,0.00437235,2,1.6875,11.534,0.333333,56.9441,10.6669,0.327342,173.908,11.03
596986,L35n2160TNG,99,2.22045e-16,264254,211311,1.56328e+10,2.73288,nan,nan,0.0660642,0.0421917,0.066341,0.0659823,0.0406777,0.0434483,0.0701995,0.00823616,0.0541375,0.00785048,1,0,-23.2852,0,57.572,2.00719,4.54465,137.954,19.61
597141,L35n2160TNG,99,2.22045e-16,224691,205943,1.34113e+10,5.9307,nan,nan,0.141582,0.22151,0.150635,0.140913,0.230424,0.220303,0.144699,0.00551141,0.222327,0.00609812,2,14.8125,-47.6743,0.166667,44.8941,14.8125,0,132.671,19.61
597311,L35n2160TNG,99,2.22045e-16,154087,130303,9.24599e+09,2.77354,nan,nan,0.0878746,0.118291,0.0892478,0.0872703,0.125944,0.113646,0.0952947,0.0115113,0.123964,0.011533,1,14.0625,-22.118,0.5625,36.5402,14.22,0.203193,123.153,18.83
597530,L35n2160TNG,99,2.22045e-16,226294,204634,1.39215e+10,4.07038,nan,nan,0.119396,0.146112,0.120685,0.120023,0.14971,0.148023,0.121712,0.00662318,0.149068,0.00668875,1,9.1875,1.27478,0.5,44.0901,8.99437,1.61478,130.356,11.81
597792,L35n2160TNG,99,2.22045e-16,413947,368521,2.42069e+10,2.21168,nan,nan,0.0601331,0.0609194,0.0581573,0.0621118,0.0617062,0.0603253,0.0627721,0.00639185,0.0627034,0.00548407,2,1.6875,-52.5387,0.2,65.1574,12.7312,4.20765,163.999,5.65803
597934,L35n2160TNG,99,2.22045e-16,249106,219427,1.46461e+10,1.50423,nan,nan,0.0888544,0.0572448,0.0884076,0.0889441,0.0597854,0.0554819,0.0911879,0.00789855,0.0610773,0.0077736,2,12.9375,-0.437592,1,35.5799,14.7769,0.143275,141.451,3.96016
598112,L35n2160TNG,99,2.22045e-16,348547,322374,2.05716e+10,1.97514,nan,nan,0.200015,0.408612,0.203741,0.196437,0.394093,0.422702,0.200199,0.00540962,0.408697,0.0055272,2,2.4375,-32.6106,0.0714286,64.8838,14.4506,1.22458,147.296,5.70237
598320,L35n2160TNG,99,2.22045e-16,236668,225218,1.42222e+10,3.22228,nan,nan,0.203302,0.157745,0.203343,0.202971,0.152319,0.161702,0.203576,0.00663509,0.159798,0.00671665,2,14.8125,-25.1538,0.666667,40.9738,14.8125,0,136.823,12.59
598539,L35n2160TNG,99,2.22045e-16,328193,309678,1.91767e+10,2.02013,nan,nan,0.037656,0.807118,0.0362968,0.0388058,0.800846,0.810893,0.0413666,0.00761861,0.806801,0.006367,2,7.6875,-14.7671,0.774194,15.4604,14.7806,0.104581,149.953,6.4512
598696,L35n2160TNG,99,2.22045e-16,326876,293221,1.957e+10,2.89167,nan,nan,0.0634166,0.184396,0.0617085,0.0643382,0.184145,0.184351,0.0668542,0.00722558,0.185396,0.00825283,2,14.8125,2.49185,0.4,42.8925,14.7863,0.115644,150.929,19.61
598840,L35n2160TNG,99,2.22045e-16,263197,189469,1.56501e+10,2.09332,nan,nan,0.0289765,0.071898,0.029732,0.02791,0.0749148,0.0676997,0.0383549,0.0071282,0.0747056,0.00861417,2,14.0625,23.7144,0.25,25.6761,14.5069,0.377015,125.437,15.1219
598988,L35n2160TNG,99,2.22045e-16,220412,207649,1.3068e+10,3.47783,nan,nan,0.0866851,0.0742663,0.0896725,0.0874003,0.0765635,0.0741373,0.0899739,0.00629518,0.0789107,0.00610657,1,12.1875,-7.67438,0.357143,46.1092,14.7881,0.0924472,124.475,9.47
599465,L35n2160TNG,99,2.22045e-16,196438,160736,1.14983e+10,3.16739,nan,nan,0.15066,0.0750566,0.153443,0.151601,0.0765863,0.0750871,0.1532,0.0104323,0.0820209,0.0103607,1,11.0625,-25.0286,0.352941,36.2097,14.8087,0.037312,113.775,19.61
599651,L35n2160TNG,99,2.22045e-16,103303,93140,6.23046e+09,3.80311,nan,nan,0.118741,0.262212,0.122862,0.115637,0.263289,0.260697,0.123077,0.00896999,0.262378,0.00899384,2,14.8125,-33.0783,0.65625,35.9262,14.8125,0,96.1209,7.13
599865,L35n2160TNG,99,2.22045e-16,235926,212259,1.4005e+10,1.75577,nan,nan,0.12209,0.0755581,0.129797,0.114835,0.0784854,0.0724855,0.123778,0.00713275,0.0782942,0.00815827,1,1.6875,20.9487,0.909091,39.6389,14.7263,0.233315,137.702,7.81492
600096,L35n2160TNG,99,2.22045e-16,207725,191709,1.23864e+10,3.51644,nan,nan,0.0892212,0.201504,0.090072,0.0885213,0.211591,0.201436,0.0939934,0.0075837,0.202852,0.00812137,2,12.9375,-33.4032,0.388889,37.3092,14.6456,0.423762,122.648,13.37
600363,L35n2160TNG,99,2.22045e-16,218202,200752,1.30657e+10,2.68635,nan,nan,0.0993827,0.0963097,0.102031,0.0989865,0.0979336,0.0961042,0.101446,0.00729796,0.0988116,0.00707283,1,14.0625,19.8245,0.875,42.9812,14.7975,0.0825,130.583,7.13
600555,L35n2160TNG,99,2.22045e-16,353875,330379,2.10246e+10,3.48101,nan,nan,0.0619979,0.0456213,0.065016,0.0602919,0.0445542,0.0462227,0.0651149,0.0052529,0.0507185,0.00487897,3,14.8125,-47.1925,0.8,38.1479,14.8125,0,143.04,11.03
600743,L35n2160TNG,99,2.22045e-16,157929,87042,9.60847e+09,2.58564,nan,nan,0.300627,0.198911,0.308756,0.29431,0.199578,0.199327,0.304916,0.0164576,0.20297,0.0142564,1,14.8125,67.5197,0.931034,28.3036,14.8125,0,95.88,13.37
600946,L35n2160TNG,99,2.22045e-16,276323,246111,1.62182e+10,2.47785,nan,nan,0.0628372,0.0449995,0.0624383,0.063185,0.0440231,0.0459999,0.072134,0.00887562,0.0559529,0.00852379,2,14.8125,42.0585,0,58.1943,14.8069,0.0455822,144.629,10.1614
601123,L35n2160TNG,99,2.22045e-16,273210,223304,1.60354e+10,2.29922,nan,nan,0.0725205,0.0633564,0.0720827,0.0727128,0.0604102,0.0667224,0.0776192,0.0102333,0.0729766,0.00956403,1,2.0625,28.3186,1,43.9642,3.60562,3.49157,142.199,15.1729
601194,L35n2160TNG,99,2.22045e-16,98073,89300,5.98072e+09,1.72023,nan,nan,0.148834,0.154532,0.148511,0.149252,0.150871,0.157069,0.151164,0.0110688,0.156293,0.0105073,2,2.0625,-5.26438,0.291667,48.8555,14.745,0.190329,96.0869,5.53949
601522,L35n2160TNG,99,2.22045e-16,222756,207951,1.31848e+10,2.10763,nan,nan,0.0532981,0.218154,0.0569326,0.051044,0.208978,0.224976,0.0568764,0.00657352,0.21926,0.00609902,2,3.5625,-16.7462,0.666667,46.2387,14.265,1.26049,129.056,4.75388
601693,L35n2160TNG,99,2.22045e-16,224448,173693,1.32577e+10,1.93602,nan,nan,0.13475,0.187918,0.132057,0.138441,0.192204,0.181458,0.136968,0.0105749,0.190168,0.00939261,2,14.8125,-42.1737,1,15.4536,14.8125,0,98.6688,1.39929
601861,L35n2160TNG,99,2.22045e-16,286260,273693,1.69705e+10,1.84428,nan,nan,0.0731186,0.119874,0.0749346,0.0725141,0.118754,0.120276,0.0754479,0.00674545,0.120546,0.00606402,2,14.8125,47.0422,0.52,63.0903,14.7731,0.120919,167.327,3.63592
601997,L35n2160TNG,99,2.22045e-16,254143,209827,1.47326e+10,3.24138,nan,nan,0.0714456,0.0358816,0.0727529,0.071144,0.0375734,0.0356757,0.0761036,0.00694306,0.0447318,0.00628473,1,14.8125,-33.3026,1,49.1284,13.5225,4.00156,117.174,18.05
602130,L35n2160TNG,99,2.22045e-16,87624,59833,5.46504e+09,2.28663,nan,nan,0.142061,0.659116,0.1419,0.142824,0.656928,0.661325,0.146426,0.014535,0.660529,0.0141178,2,14.8125,-54.048,0.648649,27.4337,14.8125,0,50.0573,7.26136
602330,L35n2160TNG,99,2.22045e-16,186741,164146,1.12361e+10,2.24624,nan,nan,0.0783032,0.0990578,0.0782764,0.078561,0.0994239,0.0987824,0.085946,0.0112033,0.102377,0.0121457,2,14.8125,-7.93861,0.0625,42.8347,14.8125,0,128.673,17.6205
602509,L35n2160TNG,99,2.22045e-16,316987,291909,1.91283e+10,3.32446,nan,nan,0.148898,0.125327,0.154352,0.147448,0.125872,0.125343,0.149974,0.00571642,0.126483,0.00625539,1,12.9375,15.2982,0,72.1967,13.6931,0.54275,147.802,10.25
602653,L35n2160TNG,99,2.22045e-16,377504,348886,2.26948e+10,4.0499,nan,nan,0.124517,0.108109,0.124702,0.123895,0.107029,0.108699,0.126148,0.00495415,0.109345,0.00497062,1,0.9375,15.5325,0,60.3686,2.51156,4.47563,157.786,11.81
602820,L35n2160TNG,99,2.22045e-16,178004,145832,1.07065e+10,3.19114,nan,nan,0.0441669,0.125942,0.0447738,0.0441167,0.13098,0.12349,0.0570379,0.0089653,0.131953,0.0115844,1,10.6875,-7.24719,0.333333,50.7522,11.3681,1.08561,128.589,18.83
603004,L35n2160TNG,99,2.22045e-16,137494,89792,8.2984e+09,1.39514,nan,nan,0.0860591,0.474967,0.0897654,0.0818501,0.481123,0.467974,0.0903994,0.0151029,0.476381,0.0141387,2,14.8125,-66.61,1,9.3372,14.8125,0,78.6342,4.12477
603185,L35n2160TNG,99,2.22045e-16,460288,429612,2.6877e+10,2.21164,nan,nan,0.0652112,0.0604217,0.0622895,0.0663597,0.0611795,0.0599352,0.0666765,0.00422523,0.0626427,0.00394279,2,1.6875,-44.4942,0.444444,59.0082,13.9575,1.58042,169.337,5.65793
603281,L35n2160TNG,99,2.22045e-16,111569,96618,6.68404e+09,3.53718,nan,nan,0.131298,0.101314,0.126763,0.131136,0.0959917,0.100132,0.139359,0.0112462,0.108813,0.0115005,1,14.8125,24.1496,0.666667,48.9343,14.8125,0,120.857,17.27
603554,L35n2160TNG,99,2.22045e-16,146662,137242,8.69367e+09,4.43973,nan,nan,0.108773,0.530427,0.102981,0.107184,0.54412,0.531738,0.112411,0.00714917,0.530831,0.00682926,2,14.8125,-62.7562,0.607143,45.9545,14.8125,0,114.357,15.71
603826,L35n2160TNG,99,2.22045e-16,108340,86480,6.59501e+09,2.69629,nan,nan,0.258816,0.0971425,0.261225,0.257395,0.0970241,0.0974241,0.262087,0.0118377,0.103204,0.0121752,1,14.0625,-20.1923,0.882353,33.1013,14.7994,0.0689174,110.565,16.49
604066,L35n2160TNG,99,2.22045e-16,378015,358952,2.15995e+10,1.57312,nan,nan,0.0328664,0.609552,0.0324187,0.0335092,0.587057,0.632029,0.0373165,0.00740391,0.609268,0.0076113,2,3.9375,-1.53754,0.136364,40.1345,14.6456,0.284846,170.797,4.12549
604241,L35n2160TNG,99,2.22045e-16,252111,220126,1.50677e+10,3.01602,nan,nan,0.0850387,0.121841,0.0880042,0.0829052,0.12938,0.116353,0.0890451,0.0080203,0.124657,0.00798322,2,6.9375,-14.6044,0.5,42.2819,12.3975,2.91781,134.095,19.61
604371,L35n2160TNG,99,2.22045e-16,298720,282588,1.75561e+10,4.32774,nan,nan,0.0520544,0.0634373,0.0539527,0.0511694,0.066897,0.0613984,0.0576052,0.00471868,0.0681926,0.00510548,2,14.8125,41.6977,0.666667,41.8004,14.7956,0.077739,139.748,17.27
604516,L35n2160TNG,99,2.22045e-16,266147,240292,1.5802e+10,2.21414,nan,nan,0.119991,0.0938585,0.128339,0.109349,0.0940662,0.093497,0.122858,0.00812562,0.0963526,0.00809364,1,9.9375,-44.3223,1,51.1896,11.4956,2.16271,140.606,13.2377
604667,L35n2160TNG,99,2.22045e-16,315211,300343,1.84134e+10,2.33899,nan,nan,0.170024,0.0970396,0.178454,0.163474,0.0985957,0.0957498,0.171532,0.00755273,0.0978552,0.00701239,1,2.0625,2.75675,0.222222,55.039,14.6925,0.292308,161.183,3.77815
604855,L35n2160TNG,99,2.22045e-16,102682,90761,6.14503e+09,2.93355,nan,nan,0.0902021,0.0805697,0.0862853,0.0928168,0.0762785,0.0837661,0.0965335,0.00946203,0.0898974,0.00874075,1,14.0625,-5.93605,0.5,49.3364,14.6175,0.29518,100.398,8.69
605054,L35n2160TNG,99,2.22045e-16,280633,264076,1.64107e+10,1.38888,nan,nan,0.126972,0.104988,0.129726,0.125209,0.102451,0.106747,0.127766,0.0088597,0.106362,0.0078247,1,2.0625,-20.8632,0.2,50.7573,14.5856,0.205045,152.876,3.68331
605279,L35n2160TNG,99,2.22045e-16,145309,121040,8.73964e+09,2.52525,nan,nan,0.1876,0.0934828,0.183782,0.190853,0.0965726,0.0912101,0.189901,0.0123505,0.100574,0.0108925,1,14.8125,-46.0797,0,72.4454,14.8106,0.0264501,122.78,16.49
605482,L35n2160TNG,99,2.22045e-16,65157,53518,3.96255e+09,2.98273,nan,nan,0.154697,0.238255,0.151939,0.155139,0.243597,0.235938,0.160495,0.015787,0.242268,0.0152903,2,14.8125,21.5256,0.741935,28.1827,14.8125,0,108.455,11.81
605708,L35n2160TNG,99,2.22045e-16,393102,368200,2.25939e+10,3.73146,nan,nan,0.12895,0.0927728,0.123068,0.131224,0.090144,0.0936699,0.13022,0.00528105,0.0935694,0.0052466,1,1.3125,5.23857,1,45.9312,1.16156,0.418716,150.854,18.83
605844,L35n2160TNG,99,2.22045e-16,279517,265215,1.65916e+10,1.74392,nan,nan,0.122261,0.243505,0.131452,0.113795,0.243276,0.243778,0.123106,0.0056953,0.243476,0.00588386,2,2.0625,16.1979,0.692308,56.6455,14.3981,0.58864,148.368,4.5354
606038,L35n2160TNG,99,2.22045e-16,168893,137458,9.97657e+09,2.05622,nan,nan,0.0742958,0.0417681,0.073378,0.0748814,0.0441132,0.0399016,0.0794629,0.00955372,0.0544867,0.008479,2,0.5625,-22.9901,0.5,61.5544,14.0175,1.34193,63.9992,4.64694
606223,L35n2160TNG,99,2.22045e-16,326729,302379,1.83893e+10,1.42224,nan,nan,0.0243345,0.230248,0.0246449,0.0239932,0.21939,0.249446,0.0351544,0.00994592,0.232868,0.0134466,2,2.4375,-43.1939,0.916667,25.1588,14.655,0.276485,102.532,4.19849
606405,L35n2160TNG,99,2.22045e-16,291310,247817,1.74649e+10,3.17627,nan,nan,0.170865,0.0789844,0.180269,0.16817,0.0795259,0.0787843,0.171701,0.0056961,0.0811202,0.00583343,1,14.8125,39.4877,1,56.7689,14.7863,0.0956801,142.959,8.69
606541,L35n2160TNG,99,2.22045e-16,101867,93852,6.21595e+09,2.42986,nan,nan,0.130009,0.254122,0.137109,0.125743,0.262708,0.246909,0.133133,0.0110896,0.256246,0.0106339,2,14.0625,-19.9635,0.678571,39.5617,14.8031,0.0585469,104.025,6.93921
606820,L35n2160TNG,99,2.22045e-16,263064,223272,1.56075e+10,3.58226,nan,nan,0.0510913,0.101433,0.0510688,0.0509288,0.100151,0.102827,0.056737,0.00550994,0.104124,0.00639604,1,14.0625,-17.1755,0,49.8757,11.4347,5.64196,139.777,18.83
606907,L35n2160TNG,99,2.22045e-16,268126,237656,1.5912e+10,1.66786,nan,nan,0.0783682,0.339185,0.0854037,0.0680893,0.32632,0.358202,0.0813565,0.00711397,0.339842,0.00741359,2,3.5625,-59.3257,0.705882,50.7915,14.64,0.385795,141.93,2.81172
607117,L35n2160TNG,99,2.22045e-16,105504,80786,6.2861e+09,2.97075,nan,nan,0.0974107,0.121636,0.0956724,0.0968995,0.129188,0.120787,0.108856,0.0120516,0.128477,0.0112169,2,14.8125,-37.2151,0.586207,36.3881,14.8125,0,90.4905,19.61
607310,L35n2160TNG,99,2.22045e-16,220390,199279,1.31434e+10,5.3684,nan,nan,0.0997677,0.180158,0.0951404,0.106628,0.195521,0.149443,0.105677,0.00543993,0.182406,0.00553202,2,14.4375,24.4176,0,68.6183,14.6738,0.188659,130.607,13.37
607530,L35n2160TNG,99,2.22045e-16,326212,304179,1.95778e+10,3.63683,nan,nan,0.141907,0.0987797,0.149479,0.140828,0.105976,0.0976826,0.144795,0.0057937,0.101679,0.00644001,1,14.0625,-2.38296,0.733333,34.9479,14.1731,0.190467,147.757,14.15
607654,L35n2160TNG,99,2.22045e-16,481825,456747,2.74351e+10,2.39374,nan,nan,0.0199839,0.600859,0.0204633,0.0198053,0.583118,0.608919,0.0278328,0.00492703,0.601496,0.00702804,2,6.1875,-71.7381,0.894737,64.7114,10.425,1.06,173.68,6.84097
607712,L35n2160TNG,99,2.22045e-16,324141,305387,1.94816e+10,3.83677,nan,nan,0.124576,0.295093,0.114319,0.126874,0.303124,0.293607,0.126082,0.00477591,0.295516,0.00535978,2,1.6875,-19.9409,0.0714286,61.2435,13.3425,0.431429,144.241,11.03
607863,L35n2160TNG,99,2.22045e-16,54699,49673,3.26845e+09,2.93523,nan,nan,0.121767,0.104011,0.126732,0.121605,0.106564,0.103668,0.136693,0.0171259,0.123191,0.0157155,1,14.0625,-17.5966,0.6,46.8897,14.6062,0.306378,96.2391,11.81
608061,L35n2160TNG,99,2.22045e-16,208369,171221,1.21445e+10,2.89574,nan,nan,0.108807,0.134839,0.11292,0.106181,0.136282,0.134046,0.114154,0.0113376,0.137371,0.0105962,2,12.5625,9.20635,0,64.4748,13.68,0.519561,115.312,14.15
608228,L35n2160TNG,99,2.22045e-16,138155,125579,8.17458e+09,2.04156,nan,nan,0.067222,0.0909663,0.0652135,0.069131,0.090507,0.0914484,0.0717434,0.00778828,0.0938179,0.00793285,2,14.8125,22.0325,0.666667,48.4292,14.8125,0,121.397,12.8493
608386,L35n2160TNG,99,2.22045e-16,391787,374505,2.29658e+10,2.08414,nan,nan,0.0489816,0.203683,0.0506284,0.0476611,0.189519,0.216805,0.050591,0.00482662,0.204206,0.00484851,2,3.9375,-40.2438,0.916667,59.9237,13.8187,2.73589,173.88,5.35194
608745,L35n2160TNG,99,2.22045e-16,297497,276867,1.76035e+10,2.49853,nan,nan,0.0654675,0.405917,0.070414,0.059687,0.403009,0.408111,0.0695388,0.00631181,0.405857,0.00600061,2,6.9375,-24.3553,0.451613,53.2557,12.1256,1.1678,137.094,7.126
608903,L35n2160TNG,99,2.22045e-16,324528,252605,1.92526e+10,2.6168,nan,nan,0.088982,0.0830114,0.0906845,0.08846,0.0859641,0.0816744,0.0909933,0.00674543,0.0857438,0.00665396,1,9.9375,30.9582,0,63.9668,13.515,1.21273,151.592,7.91
609001,L35n2160TNG,99,2.22045e-16,280002,263855,1.65947e+10,2.65371,nan,nan,0.0619738,0.0986456,0.0562682,0.0690316,0.0974673,0.100188,0.0691407,0.00662439,0.100632,0.00704936,2,1.3125,-16.4076,1,41.8491,13.9856,2.43441,146.814,17.27
609152,L35n2160TNG,99,2.22045e-16,68397,59325,4.02035e+09,2.59122,nan,nan,0.106562,0.106843,0.110749,0.104674,0.110493,0.104926,0.115426,0.0131977,0.114501,0.0125368,1,13.6875,46.402,0.952381,30.9321,14.6438,0.217855,85.8267,14.93
609461,L35n2160TNG,99,2.22045e-16,68745,61647,4.21275e+09,2.25884,nan,nan,0.173928,0.0783711,0.177261,0.172533,0.0774896,0.078977,0.175583,0.0122487,0.0854998,0.0105192,1,14.8125,14.6411,0,81.6987,14.8106,0.0264501,95.8524,6.47403
609710,L35n2160TNG,99,2.22045e-16,263393,226348,1.53989e+10,1.33746,nan,nan,0.0320026,0.544964,0.0330886,0.0308518,0.510667,0.601989,0.0382381,0.0071972,0.544647,0.00854995,2,14.8125,-63.5528,0.74359,52.3361,14.8106,0.0264501,47.2162,6.41581
609891,L35n2160TNG,99,2.22045e-16,287792,246829,1.68239e+10,1.7348,nan,nan,0.0462712,0.355888,0.0511158,0.0439093,0.342235,0.361273,0.0505609,0.00671006,0.356773,0.00615976,2,12.9375,10.4945,1,6.93508,14.8031,0.0585469,98.2059,5.04864
610017,L35n2160TNG,99,2.22045e-16,273947,261840,1.63864e+10,3.21628,nan,nan,0.105632,0.490585,0.095842,0.115394,0.494954,0.48616,0.108004,0.00546206,0.49066,0.00532341,2,3.1875,56.9766,0.594595,39.3945,13.4606,0.345524,139.383,7.13
610157,L35n2160TNG,99,2.22045e-16,164318,138936,9.87954e+09,2.22161,nan,nan,0.0940741,0.19795,0.0887235,0.0996286,0.183693,0.211939,0.0980732,0.00738931,0.20172,0.00795474,2,14.8125,23.759,0,70.257,14.8125,0,100.297,4.99096
610361,L35n2160TNG,99,2.22045e-16,278045,255690,1.64521e+10,3.8739,nan,nan,0.162641,0.116163,0.15724,0.162782,0.10811,0.113896,0.163793,0.00607025,0.119757,0.00586311,2,14.8125,4.0112,0.5,55.3287,14.8125,0,133.109,17.27
610532,L35n2160TNG,99,2.22045e-16,260244,250025,1.52916e+10,1.88463,nan,nan,0.0406453,0.335064,0.0461282,0.0333699,0.306916,0.375464,0.0493177,0.00612747,0.33596,0.0079101,2,3.9375,51.2686,0.6875,56.8058,12.5456,1.22511,148.969,6.03928
610668,L35n2160TNG,99,2.22045e-16,134466,124440,8.07314e+09,3.0663,nan,nan,0.101464,0.0803847,0.103653,0.100886,0.0815671,0.0810984,0.105882,0.00900101,0.0856897,0.00779613,1,12.5625,-31.4276,0.714286,47.5261,14.8031,0.0585469,122.095,7.91
610819,L35n2160TNG,99,2.22045e-16,268416,243808,1.59554e+10,1.86593,nan,nan,0.065736,0.0598234,0.0690127,0.0639214,0.0556264,0.0621588,0.0676293,0.00599768,0.0622928,0.00558897,1,2.0625,-35.8902,0.888889,55.3746,14.7094,0.262333,140.544,4.25113
610988,L35n2160TNG,99,2.22045e-16,215702,194549,1.29907e+10,3.3268,nan,nan,0.166594,0.163896,0.179264,0.166077,0.165489,0.163675,0.170379,0.00788584,0.166277,0.00851633,1,14.8125,7.36472,0.666667,35.5953,14.8125,0,124.86,9.47
611152,L35n2160TNG,99,2.22045e-16,205375,174108,1.22564e+10,2.19261,nan,nan,0.0594745,0.0761939,0.0602903,0.0587382,0.0790299,0.073881,0.0623619,0.00733007,0.0793032,0.00759892,1,14.8125,5.93787,0,56.2871,14.7937,0.0817294,113.521,7.65718
611385,L35n2160TNG,99,2.22045e-16,280083,252198,1.64443e+10,4.30309,nan,nan,0.153402,0.214836,0.159738,0.152492,0.222054,0.213702,0.155991,0.00570975,0.216927,0.00608369,1,10.6875,-39.7412,0.823529,38.4012,14.8087,0.0529003,129.348,19.61
611524,L35n2160TNG,99,2.22045e-16,82572,68932,4.95208e+09,3.12055,nan,nan,0.0869415,0.0926023,0.086447,0.0874712,0.0934864,0.0921091,0.0999819,0.011939,0.104571,0.0136676,2,14.8125,47.8269,1,52.4817,14.8125,0,89.8036,10.25
611780,L35n2160TNG,99,2.22045e-16,227936,192913,1.36825e+10,2.39103,nan,nan,0.144945,0.128049,0.143387,0.145673,0.123021,0.135417,0.146553,0.00891297,0.129765,0.0092371,2,2.8125,-11.9279,0.64,31.6248,14.7769,0.109956,108.256,6.08848
611958,L35n2160TNG,99,2.22045e-16,77575,69453,4.70083e+09,2.59739,nan,nan,0.117254,0.255416,0.120419,0.115211,0.252317,0.257067,0.12279,0.0120664,0.258409,0.0113816,2,1.6875,12.2028,0.48,45.2048,14.7825,0.131838,83.243,5.57
612241,L35n2160TNG,99,2.22045e-16,273675,262001,1.63846e+10,2.9063,nan,nan,0.0839299,0.0775909,0.0871111,0.0834408,0.0762898,0.0760148,0.0857357,0.00528235,0.0796037,0.00586114,1,2.0625,-3.88553,1,57.9058,10.9144,5.01981,147.925,7.91
612388,L35n2160TNG,99,2.22045e-16,57961,50156,3.62366e+09,1.96937,nan,nan,0.206158,0.142748,0.2213,0.199799,0.14627,0.142181,0.209595,0.0132046,0.145152,0.0139855,1,14.4375,-55.7915,0.666667,55.5987,14.7637,0.126114,78.7281,5.68669
612699,L35n2160TNG,99,2.22045e-16,261410,247513,1.53012e+10,1.43627,nan,nan,0.06272,0.441515,0.0614652,0.0641115,0.415266,0.475678,0.0651228,0.0067106,0.441538,0.00648884,2,3.5625,44.5472,0,55.5441,14.5875,0.259808,153.881,4.23665
612825,L35n2160TNG,99,2.22045e-16,280831,270155,1.6605e+10,2.31345,nan,nan,0.0890779,0.113006,0.0934758,0.0855205,0.113329,0.112622,0.090922,0.00605428,0.114219,0.00614653,2,2.4375,18.1199,0.318182,47.3954,14.7225,0.19572,146.582,6.62258
613006,L35n2160TNG,99,2.22045e-16,175902,162060,1.03718e+10,4.15364,nan,nan,0.0634217,0.275306,0.0672393,0.0645003,0.286322,0.278801,0.0707609,0.00777943,0.276819,0.00753956,2,14.8125,6.67774,0.0526316,56.2933,14.8125,0,120.225,11.81
613192,L35n2160TNG,99,2.22045e-16,825431,684935,4.66071e+10,1.77996,nan,nan,0.0555509,0.211421,0.0546042,0.0566954,0.19389,0.231602,0.0566637,0.00467133,0.211975,0.00437287,2,3.1875,-47.0821,1,42.2354,3.50438,1.78907,188.878,5.1715
613209,L35n2160TNG,99,2.22045e-16,158755,139337,9.54727e+09,2.75478,nan,nan,0.241138,0.0894429,0.247896,0.235823,0.0929436,0.0871571,0.241442,0.00935832,0.0983837,0.00842807,1,13.6875,65.6286,0.736842,47.1907,13.785,0.31204,117.274,11.03
613358,L35n2160TNG,99,2.22045e-16,104352,97925,6.22181e+09,4.25923,nan,nan,0.276754,0.25014,0.299839,0.245103,0.248121,0.253201,0.279228,0.00830092,0.252095,0.00766395,1,14.4375,6.10743,0.222222,52.3825,14.6194,0.280568,101.452,8.69
613552,L35n2160TNG,99,2.22045e-16,66318,61146,3.9651e+09,1.27171,nan,nan,0.0491999,0.0457693,0.0479792,0.0504239,0.0469334,0.0439484,0.0584757,0.0133416,0.0543065,0.012648,2,14.8125,-33.5569,0.923077,41.7094,14.8106,0.0264501,87.5352,2.62821
613808,L35n2160TNG,99,2.22045e-16,192005,188684,1.1441e+10,2.12085,nan,nan,0.0645921,0.0573044,0.0673893,0.0625759,0.0623125,0.0555204,0.0687485,0.00686993,0.0616979,0.00677785,1,12.9375,-15.6576,0.25,49.2527,14.7713,0.134112,144.886,7.41607
613990,L35n2160TNG,99,2.22045e-16,146870,134891,8.87058e+09,2.82751,nan,nan,0.144602,0.174128,0.153597,0.138304,0.17392,0.173345,0.14798,0.00883162,0.174993,0.00874137,1,11.0625,-31.8737,0.3,43.0438,13.3763,1.37073,117.867,8.69
614180,L35n2160TNG,99,2.22045e-16,242537,230340,1.46012e+10,3.54264,nan,nan,0.0622958,0.136977,0.0605491,0.0626426,0.134728,0.13725,0.0677971,0.00617663,0.138776,0.00648102,1,14.8125,-9.50727,0,53.4646,14.7975,0.0734847,140.325,14.15
614326,L35n2160TNG,99,2.22045e-16,216543,201545,1.30567e+10,3.31738,nan,nan,0.179619,0.146239,0.184577,0.17405,0.149927,0.143337,0.181179,0.00589541,0.147517,0.00665518,1,14.8125,-29.2129,0.142857,61.4527,14.8125,0,130.691,10.25
614489,L35n2160TNG,99,2.22045e-16,336490,328520,1.93753e+10,1.93556,nan,nan,0.0561634,0.385848,0.0563754,0.0558207,0.357294,0.404303,0.0591917,0.00667739,0.386448,0.00759318,2,2.8125,62.7707,0.1,54.1745,14.7544,0.1408,167.566,5.59473
614626,L35n2160TNG,99,2.22045e-16,69087,62063,4.14765e+09,2.4906,nan,nan,0.095705,0.205522,0.0948532,0.0962474,0.21809,0.193483,0.101935,0.0125402,0.208887,0.0129889,2,11.4375,39.6273,0.448276,44.586,14.7994,0.0689174,88.9738,8.65842
615182,L35n2160TNG,99,2.22045e-16,204311,178648,1.23364e+10,4.17475,nan,nan,0.0981879,0.101559,0.105662,0.0967967,0.108854,0.0986083,0.102074,0.00666842,0.106864,0.0069977,1,14.8125,11.0998,0.142857,50.5156,14.8125,0,128.486,13.37
615292,L35n2160TNG,99,2.22045e-16,300567,288659,1.77581e+10,3.49904,nan,nan,0.161739,0.0925768,0.172275,0.15057,0.10222,0.082157,0.163285,0.00532442,0.0964249,0.00527713,1,10.3125,5.29852,0,64.87,14.5275,0.678367,144.644,17.27
615462,L35n2160TNG,99,2.22045e-16,183406,154870,1.09405e+10,3.09123,nan,nan,0.0611571,0.0921849,0.0613012,0.0613885,0.100927,0.0886022,0.0682064,0.00817848,0.0991952,0.00801017,1,7.6875,23.0488,0,45.4412,9.75563,1.51677,129.781,14.15
615607,L35n2160TNG,99,2.22045e-16,227673,198438,1.34754e+10,2.07071,nan,nan,0.214325,0.248815,0.220745,0.208937,0.247698,0.25086,0.215118,0.00750912,0.249744,0.00690668,1,3.9375,28.5227,0.285714,53.0538,14.8106,0.0264501,110.095,9.81811
615792,L35n2160TNG,99,2.22045e-16,176093,160270,1.07175e+10,3.42948,nan,nan,0.150349,0.150476,0.152436,0.149425,0.15577,0.147621,0.153485,0.00938128,0.152993,0.00853375,2,14.8125,-32.2362,0.263158,52.2822,14.8125,0,125.22,11.03
615903,L35n2160TNG,99,2.22045e-16,251677,234380,1.51778e+10,4.42937,nan,nan,0.0749339,0.0912445,0.0743979,0.076801,0.0949623,0.0831958,0.0789702,0.00577178,0.0944295,0.00596464,1,14.8125,9.99038,0.75,44.2504,14.7713,0.117334,143.589,9.47
616014,L35n2160TNG,99,2.22045e-16,122101,105926,7.30114e+09,2.32031,nan,nan,0.115389,0.275158,0.117708,0.112858,0.260035,0.291361,0.117996,0.00918706,0.276662,0.010952,2,14.8125,53.8202,0.484848,73.4439,14.8125,0,95.8115,11.6988
616200,L35n2160TNG,99,2.22045e-16,231118,222145,1.38808e+10,2.2339,nan,nan,0.0946869,0.145293,0.0944191,0.0957984,0.157043,0.143175,0.0965328,0.00510028,0.146497,0.0057936,1,6.9375,-29.5844,0.75,37.0243,14.4488,0.671774,140.704,5.71136
616387,L35n2160TNG,99,2.22045e-16,150176,135702,8.83404e+09,3.27335,nan,nan,0.11602,0.066958,0.118449,0.115357,0.0659771,0.0670529,0.120519,0.00927067,0.0752638,0.0091308,2,14.8125,7.41913,0.666667,38.8499,14.8125,0,124.615,19.61
616526,L35n2160TNG,99,2.22045e-16,280995,252954,1.67751e+10,4.19531,nan,nan,0.06581,0.261242,0.0664964,0.0654916,0.257574,0.262987,0.0690337,0.00574231,0.262172,0.00591862,2,6.9375,-28.9936,0.28,49.2045,14.8125,0,142.313,19.61
616825,L35n2160TNG,99,2.22045e-16,121762,105773,7.38201e+09,4.01577,nan,nan,0.244179,0.199959,0.247862,0.244947,0.201545,0.200842,0.246616,0.00943361,0.202123,0.00927464,1,8.8125,30.5889,0.625,49.7326,14.1731,1.56101,117.243,11.03
617027,L35n2160TNG,99,2.22045e-16,169455,145206,1.00362e+10,2.35983,nan,nan,0.0635396,0.117118,0.068662,0.0597953,0.118832,0.116494,0.0703526,0.00762079,0.118518,0.00902199,2,14.8125,-23.9943,0,89.1437,14.8125,0,81.2148,6.0136
617149,L35n2160TNG,99,2.22045e-16,188215,167252,1.14e+10,3.5167,nan,nan,0.112427,0.149597,0.109648,0.11362,0.144278,0.152109,0.115959,0.00839967,0.1516,0.00750879,2,14.8125,-50.8846,0.2,67.3882,14.8125,0,124.001,16.49
617324,L35n2160TNG,99,2.22045e-16,169456,155894,1.01879e+10,3.51722,nan,nan,0.149024,0.137151,0.156963,0.148703,0.138453,0.137118,0.15289,0.00847916,0.140443,0.00935073,1,14.8125,9.61459,0.533333,46.8854,14.8125,0,113.018,10.25
617559,L35n2160TNG,99,2.22045e-16,177583,166866,1.04774e+10,3.85291,nan,nan,0.0781636,0.271549,0.0796109,0.0784387,0.288057,0.27674,0.0848508,0.00845801,0.27376,0.00802636,2,14.8125,22.5331,0.545455,46.773,14.8125,0,126.58,18.05
617719,L35n2160TNG,99,2.22045e-16,263863,250172,1.54665e+10,2.0937,nan,nan,0.0704192,0.0951373,0.0726285,0.0688559,0.0875098,0.101068,0.0728888,0.00587108,0.0971651,0.00598316,2,2.0625,34.4237,0,52.4952,13.6425,2.83083,145.003,5.37489
618120,L35n2160TNG,99,2.22045e-16,209453,200368,1.25482e+10,3.45035,nan,nan,0.101793,0.128239,0.0989275,0.103278,0.128476,0.127751,0.105378,0.00731429,0.131343,0.00732016,2,14.8125,3.82016,0.428571,47.4929,14.8069,0.0455822,130.531,13.37
618318,L35n2160TNG,99,2.22045e-16,153258,134203,9.2865e+09,3.17219,nan,nan,0.147842,0.0831638,0.143646,0.151471,0.0849733,0.0810842,0.150138,0.00733871,0.0873807,0.00695626,1,14.8125,-27.6818,0.7,35.3863,14.6756,0.314145,109.962,7.13
618580,L35n2160TNG,99,2.22045e-16,122165,109459,7.41065e+09,4.74849,nan,nan,0.128375,0.13162,0.1339,0.122931,0.121897,0.136151,0.133463,0.0069392,0.136453,0.00751319,1,7.6875,-24.8427,0.6,47.9312,14.1244,1.64264,115.576,12.59
618707,L35n2160TNG,99,2.22045e-16,148879,137078,8.87752e+09,1.79878,nan,nan,0.106411,0.0878819,0.112005,0.0997375,0.0848409,0.0911097,0.110674,0.00952602,0.0918526,0.00916739,1,12.5625,19.6087,0.384615,51.2358,14.7413,0.147113,104.522,4.66707
618950,L35n2160TNG,99,2.22045e-16,326188,310019,1.84884e+10,1.49787,nan,nan,0.0383036,0.466178,0.0379371,0.0378911,0.444127,0.493796,0.0430469,0.00799941,0.466712,0.00816838,2,3.1875,63.0119,0.78125,39.6591,14.775,0.1125,163.005,4.40419
619081,L35n2160TNG,99,2.22045e-16,190057,173134,1.14167e+10,3.65346,nan,nan,0.0862089,0.121948,0.0880323,0.086253,0.115649,0.123213,0.0918168,0.0082328,0.126429,0.00854455,1,5.4375,-11.0118,1,54.4128,8.15625,3.92328,127.022,18.83
619223,L35n2160TNG,99,2.22045e-16,200528,186907,1.19895e+10,3.52901,nan,nan,0.165144,0.119123,0.170233,0.163675,0.132863,0.113652,0.166507,0.00662933,0.124771,0.00655078,1,14.0625,-3.48339,0.117647,53.1047,14.8106,0.0264501,127.322,12.59
619381,L35n2160TNG,99,2.22045e-16,217173,201760,1.2948e+10,2.87177,nan,nan,0.20271,0.0358448,0.218596,0.200597,0.0341144,0.0359837,0.203354,0.00574135,0.0415402,0.00545509,1,14.8125,31.9769,0.666667,33.9409,14.7956,0.0863111,127.887,7.13
619504,L35n2160TNG,99,2.22045e-16,59843,53410,3.58205e+09,3.17754,nan,nan,0.0847121,0.372367,0.0857442,0.0844937,0.385754,0.368615,0.0978057,0.015439,0.37449,0.0150466,2,14.8125,-5.65842,0.230769,66.1457,14.8125,0,91.6719,14.93
619657,L35n2160TNG,99,2.22045e-16,176515,166851,1.03224e+10,1.39725,nan,nan,0.0626333,0.514024,0.0637986,0.0613675,0.502203,0.524753,0.0655305,0.00839303,0.514655,0.00998399,2,4.6875,17.3756,0.75,45.3592,14.8125,0,111.979,5.41189
619801,L35n2160TNG,99,2.22045e-16,125455,120839,7.56494e+09,1.82846,nan,nan,0.0875781,0.151016,0.0935767,0.0814216,0.152787,0.150574,0.091233,0.00777038,0.1521,0.00872513,2,14.0625,-3.21326,0.375,48.2706,14.7581,0.14229,115.851,6.99874
620015,L35n2160TNG,99,2.22045e-16,149903,135728,8.99773e+09,3.95855,nan,nan,0.138049,0.110757,0.149463,0.135631,0.114146,0.110668,0.144513,0.00818209,0.114679,0.00919128,2,14.8125,-31.5114,0,55.116,14.8125,0,117.146,19.61
620172,L35n2160TNG,99,2.22045e-16,71216,50707,4.29048e+09,2.5841,nan,nan,0.376028,0.183083,0.380313,0.374435,0.18724,0.181812,0.379965,0.015815,0.189449,0.0198725,1,14.8125,18.4664,0.888889,18.283,14.8125,0,77.1441,19.61
620348,L35n2160TNG,99,2.22045e-16,183043,169654,1.09452e+10,2.19944,nan,nan,0.127138,0.0927447,0.131225,0.123818,0.0927283,0.0926396,0.129487,0.00761536,0.0952644,0.00832077,2,13.6875,-40.6533,0.235294,53.5623,14.8031,0.0585469,125.131,4.94484
620463,L35n2160TNG,99,2.22045e-16,223855,212359,1.334e+10,3.71689,nan,nan,0.0793779,0.074646,0.0847679,0.0770973,0.0786971,0.0732096,0.0839854,0.00580067,0.0781177,0.00590894,2,14.8125,-17.4685,0.666667,46.3737,14.7281,0.156593,135.585,11.81
620627,L35n2160TNG,99,2.22045e-16,61712,48294,3.74898e+09,2.2909,nan,nan,0.135142,0.150908,0.142393,0.124172,0.153535,0.147103,0.143074,0.0165222,0.158106,0.0177145,2,14.4375,-30.6256,0.166667,72.0542,14.6794,0.179442,74.0831,7.98741
620832,L35n2160TNG,99,2.22045e-16,184104,169716,1.09863e+10,3.10293,nan,nan,0.0585241,0.0998347,0.0590205,0.0581012,0.100731,0.0990426,0.0644202,0.00624002,0.103852,0.00691315,2,14.8125,-26.5594,0.833333,43.6175,14.8106,0.0264501,111.124,11.03
621043,L35n2160TNG,99,2.22045e-16,205504,185609,1.23459e+10,2.93139,nan,nan,0.119576,0.328447,0.12031,0.118886,0.328893,0.328193,0.122879,0.00694251,0.329682,0.00715083,2,14.8125,42.4918,0.611111,47.2526,14.8125,0,116.773,11.03
621167,L35n2160TNG,99,2.22045e-16,279800,256999,1.62223e+10,3.37792,nan,nan,0.0966126,0.117687,0.101511,0.09339,0.12575,0.113818,0.0976689,0.00531824,0.119283,0.00501252,1,9.9375,11.635,1,41.3062,12.8362,2.2574,133.374,9.47
621255,L35n2160TNG,99,2.22045e-16,232204,225071,1.34728e+10,1.16635,nan,nan,0.128767,0.393282,0.130759,0.125881,0.380611,0.411648,0.129771,0.0078374,0.393992,0.0073743,2,14.0625,25.1946,0.565217,52.0324,14.7844,0.112109,150.512,3.85571
621372,L35n2160TNG,99,2.22045e-16,250680,220914,1.45255e+10,3.69715,nan,nan,0.0736407,0.058749,0.0759249,0.0730249,0.0579326,0.059162,0.0780758,0.00611628,0.0648027,0.0068412,1,1.6875,-40.6662,0,48.6517,1.39219,0.641194,144.441,14.93
621409,L35n2160TNG,99,2.22045e-16,131795,114537,8.03021e+09,3.4318,nan,nan,0.102786,0.0914178,0.112194,0.0993916,0.0948169,0.0900308,0.114447,0.0099492,0.0996002,0.0103817,2,12.9375,26.7817,0.294118,48.0619,14.8125,0,111.34,16.49
621560,L35n2160TNG,99,2.22045e-16,128784,108976,7.78539e+09,3.57626,nan,nan,0.105945,0.305495,0.108044,0.10659,0.311003,0.30642,0.112227,0.0106762,0.306982,0.0106938,2,14.8125,19.896,0.333333,56.6862,14.8125,0,101.704,14.93
621707,L35n2160TNG,99,2.22045e-16,186784,169736,1.1292e+10,2.78806,nan,nan,0.109045,0.120143,0.11789,0.100655,0.121208,0.118324,0.110789,0.0072415,0.122122,0.0070404,1,1.3125,21.122,0,32.152,3.71437,4.88503,116.368,5.57
621855,L35n2160TNG,99,2.22045e-16,186121,165127,1.09546e+10,4.40298,nan,nan,0.10876,0.091681,0.112807,0.104732,0.0929718,0.0901925,0.111379,0.0061195,0.0950419,0.00692429,1,14.8125,26.6567,0.5,50.5331,14.8125,0,113.259,12.59
622155,L35n2160TNG,99,2.22045e-16,144405,127924,8.69808e+09,2.77042,nan,nan,0.120382,0.0758742,0.120651,0.120612,0.0795821,0.0734876,0.124743,0.0128703,0.0853623,0.0114472,1,1.3125,-10.0194,0.5,44.2378,14.1638,0.691171,119.644,16.49
622298,L35n2160TNG,99,2.22045e-16,183807,170221,1.06247e+10,1.32757,nan,nan,0.065087,0.162888,0.069272,0.0562024,0.173845,0.137482,0.0700338,0.0112597,0.164966,0.0115082,2,12.9375,-34.9507,0.92,20.1628,14.7356,0.155963,92.9353,1.91688
622437,L35n2160TNG,99,2.22045e-16,229699,219321,1.35924e+10,1.53521,nan,nan,0.117558,0.143355,0.114597,0.120323,0.139321,0.146099,0.118372,0.00615405,0.144193,0.00662139,1,1.6875,-8.54059,0,46.7574,14.655,0.268747,139.78,4.97704
622569,L35n2160TNG,99,2.22045e-16,95338,89285,5.78287e+09,1.75912,nan,nan,0.129047,0.043003,0.12867,0.130395,0.0449076,0.0419946,0.131553,0.00967724,0.0517807,0.0092649,1,14.8125,18.1716,1,39.5626,14.8012,0.0741514,96.8622,4.57188
622751,L35n2160TNG,99,2.22045e-16,157400,137752,9.14293e+09,2.35597,nan,nan,0.0889052,0.0604576,0.0877341,0.0900558,0.0641147,0.0569742,0.0939873,0.0098713,0.0707428,0.00809415,1,9.1875,44.2077,0.8,70.106,13.5712,1.25857,117.778,18.4808
622877,L35n2160TNG,99,2.22045e-16,149896,140217,8.91702e+09,1.83296,nan,nan,0.0612961,0.124062,0.0612152,0.0620277,0.120208,0.127284,0.0647933,0.00712265,0.126374,0.00740681,1,8.0625,24.0061,1,35.7808,14.61,0.398348,120.036,5.31566
623042,L35n2160TNG,99,2.22045e-16,216251,198055,1.26936e+10,3.41557,nan,nan,0.0796608,0.0375333,0.0846157,0.079838,0.0394238,0.0376317,0.0849356,0.00691181,0.0490741,0.00740256,3,14.8125,13.6733,1,51.8956,14.6681,0.277291,137.525,12.59
623122,L35n2160TNG,99,2.22045e-16,199484,186147,1.17804e+10,2.92387,nan,nan,0.0512824,0.0746776,0.0504724,0.052091,0.0784681,0.0717804,0.0574431,0.00781532,0.0795529,0.00739656,2,14.8125,15.1143,0.777778,70.2677,14.8087,0.037312,131.862,16.49
623206,L35n2160TNG,99,2.22045e-16,172764,122279,9.99606e+09,2.06056,nan,nan,0.104443,0.131362,0.104389,0.103744,0.127998,0.135109,0.108521,0.0122672,0.134515,0.0124316,2,14.4375,28.2116,0.733333,53.16,14.6381,0.259476,74.9255,7.21349
623367,L35n2160TNG,99,2.22045e-16,321905,308128,1.82405e+10,1.68093,nan,nan,0.0133191,0.416134,0.012642,0.0143223,0.399522,0.443161,0.0289847,0.00723072,0.416557,0.00905882,2,5.0625,36.7768,0.541667,35.7372,14.4938,0.347255,148.229,5.42004
623456,L35n2160TNG,99,2.22045e-16,162949,144519,9.71641e+09,2.09172,nan,nan,0.0909275,0.112123,0.095014,0.0897206,0.118176,0.110123,0.0926427,0.00795083,0.115046,0.00774123,1,14.4375,14.5562,0,51.4211,14.5106,0.726859,113.817,6.01947
623575,L35n2160TNG,99,2.22045e-16,196258,176537,1.1708e+10,4.46732,nan,nan,0.146923,0.196079,0.158458,0.13973,0.204665,0.190722,0.149993,0.00616596,0.197496,0.00601366,2,11.4375,-18.0244,0,69.5316,14.5856,0.574739,122.427,14.15
623745,L35n2160TNG,99,2.22045e-16,157576,148482,9.52693e+09,1.70245,nan,nan,0.04964,0.170723,0.0474376,0.0505955,0.17184,0.170425,0.055771,0.008296,0.172327,0.00830547,1,14.8125,-41.4219,0.25,51.4647,14.7994,0.0689174,118.129,4.96065
623877,L35n2160TNG,99,2.22045e-16,285210,272336,1.66648e+10,2.32924,nan,nan,0.0687737,0.165531,0.0695016,0.0684989,0.16839,0.162846,0.0750553,0.00806683,0.166906,0.00871065,2,2.8125,50.1416,0.85,58.7808,14.8125,0,145.127,13.9191
623946,L35n2160TNG,99,2.22045e-16,151575,131972,9.12416e+09,2.64732,nan,nan,0.109227,0.124643,0.102863,0.115905,0.134844,0.115128,0.11763,0.0121794,0.133823,0.0125822,2,14.8125,6.25175,0.8,38.8209,14.8125,0,119.494,11.03
624252,L35n2160TNG,99,2.22045e-16,129487,111501,7.75642e+09,2.36428,nan,nan,0.0902862,0.0980291,0.0889963,0.0915601,0.101374,0.0935165,0.0976688,0.0106185,0.104845,0.0107537,2,14.8125,11.3921,0.347826,50.3768,14.775,0.1125,102.567,18.5459
624429,L35n2160TNG,99,2.22045e-16,78771,64489,4.79018e+09,3.29096,nan,nan,0.203711,0.274952,0.217077,0.200275,0.274479,0.275047,0.209783,0.0143997,0.279872,0.0140893,2,2.4375,0.373005,0.121212,53.4758,14.8106,0.0264501,92.1159,18.05
624610,L35n2160TNG,99,2.22045e-16,87260,84333,5.17354e+09,1.28325,nan,nan,0.0754824,0.101842,0.0721918,0.0763664,0.101884,0.102283,0.0787816,0.00906941,0.103952,0.00892267,1,14.4375,29.5318,0.357143,54.0773,14.7919,0.0854926,98.2989,3.42979
624756,L35n2160TNG,99,2.22045e-16,136461,115590,8.18174e+09,2.45727,nan,nan,0.0853473,0.0457474,0.0812283,0.088647,0.0448887,0.0464955,0.0938625,0.0125985,0.0610888,0.0121627,1,12.1875,11.1636,1,37.2556,13.9594,0.889736,121.587,17.7424
624873,L35n2160TNG,99,2.22045e-16,159713,145146,9.5471e+09,2.32901,nan,nan,0.0957897,0.184423,0.0942669,0.0969616,0.184334,0.185063,0.098242,0.00760453,0.184942,0.00792541,2,14.8125,-8.79593,0.5,41.0438,14.8125,0,114.764,5.93963
625041,L35n2160TNG,99,2.22045e-16,185732,158018,1.11423e+10,1.79127,nan,nan,0.115252,0.104078,0.123572,0.106205,0.106093,0.102231,0.116492,0.00796912,0.105578,0.00783558,1,0,-20.7937,0,50.2899,14.0953,1.34888,117.856,5.20226
625185,L35n2160TNG,99,2.22045e-16,171525,152384,1.01362e+10,3.69554,nan,nan,0.0843595,0.375703,0.0855374,0.0842757,0.394559,0.367897,0.0895864,0.00832296,0.376728,0.00754952,2,14.8125,25.2235,0.375,49.7293,14.8125,0,120.508,6.35
625281,L35n2160TNG,99,2.22045e-16,216963,203497,1.28728e+10,2.47348,nan,nan,0.0573827,0.078726,0.0559882,0.0586361,0.0820604,0.0752176,0.0609397,0.00708516,0.0824708,0.0078991,1,14.8125,-12.2334,0.818182,34.8037,14.8125,0,129.077,11.6869
625423,L35n2160TNG,99,2.22045e-16,269223,253112,1.61654e+10,3.70998,nan,nan,0.125313,0.103374,0.129383,0.118786,0.100483,0.10682,0.126585,0.00516477,0.105236,0.00466578,2,3.5625,-12.3709,0.25,59.1208,14.1581,0.554946,139.94,7.91
625715,L35n2160TNG,99,2.22045e-16,238467,228938,1.42302e+10,3.32608,nan,nan,0.0941472,0.127346,0.0936842,0.0950991,0.129821,0.126142,0.0967507,0.00605143,0.128474,0.0060095,2,12.9375,-33.4113,0.333333,42.3453,14.5444,0.631268,147.025,8.69
625800,L35n2160TNG,99,2.22045e-16,233047,225071,1.35409e+10,1.47172,nan,nan,0.131476,0.330556,0.13299,0.128828,0.313976,0.353563,0.132392,0.0088003,0.330726,0.00834308,2,3.1875,30.9689,0.789474,35.8414,14.805,0.0525,150.764,3.43118
625925,L35n2160TNG,99,2.22045e-16,187408,168511,1.11226e+10,2.23512,nan,nan,0.0397564,0.0931391,0.0380192,0.0409364,0.0965944,0.0902908,0.0448126,0.00569839,0.0942202,0.00698975,2,14.4375,-18.5706,0,49.3121,13.7419,3.19568,126.694,5.01906
626052,L35n2160TNG,99,2.22045e-16,132567,125326,8.01752e+09,3.78627,nan,nan,0.145274,0.187204,0.150059,0.145617,0.186042,0.187012,0.150498,0.00921412,0.189206,0.00913136,1,14.8125,32.0131,0.111111,67.3098,14.8125,0,127.859,16.49
626198,L35n2160TNG,99,2.22045e-16,220901,206722,1.31499e+10,4.35722,nan,nan,0.0965321,0.0952147,0.0934197,0.103006,0.0995737,0.0904743,0.10045,0.00576528,0.0985706,0.00521424,1,14.8125,4.00762,1,35.2593,14.8125,0,132.998,9.47
626287,L35n2160TNG,99,2.22045e-16,139153,126940,8.28088e+09,4.39602,nan,nan,0.137508,0.089851,0.142569,0.127154,0.0895679,0.0905881,0.141953,0.00789887,0.0945159,0.00776209,1,14.0625,-27.3092,0.2,67.7724,14.6288,0.339556,111.374,8.69
626408,L35n2160TNG,99,2.22045e-16,159086,140773,9.48826e+09,2.61555,nan,nan,0.0708058,0.0523789,0.0727966,0.0684261,0.0551657,0.0487532,0.0773769,0.00964016,0.0629135,0.0083494,1,12.5625,-3.7027,0.416667,58.0936,14.1356,0.889547,120.792,11.81
626583,L35n2160TNG,99,2.22045e-16,153852,128354,9.08776e+09,3.79572,nan,nan,0.126894,0.125132,0.129608,0.126322,0.134746,0.122557,0.130497,0.00914266,0.132515,0.00801146,1,14.8125,-30.9722,0.666667,41.3538,14.8125,0,117.154,14.15
626697,L35n2160TNG,99,2.22045e-16,246058,234129,1.47114e+10,4.57111,nan,nan,0.0959429,0.130661,0.0978471,0.0942971,0.1335,0.128453,0.0984068,0.00519302,0.13261,0.00537355,1,11.0625,-19.0885,1,45.7223,10.8506,3.56966,136.532,13.37
626772,L35n2160TNG,99,2.22045e-16,162789,150357,9.52598e+09,2.6743,nan,nan,0.100261,0.142576,0.106844,0.0932913,0.143928,0.141642,0.103702,0.00851769,0.143963,0.00886492,2,11.8125,3.57098,0,49.8865,14.4544,0.388442,117.424,15.71
626864,L35n2160TNG,99,2.22045e-16,167400,148596,9.86853e+09,2.0521,nan,nan,0.0795429,0.0739991,0.0819411,0.0757672,0.0763128,0.0706614,0.08338,0.00988247,0.0784029,0.00895617,2,14.8125,-25.6544,0.583333,48.5542,14.8125,0,132.829,11.0051
626955,L35n2160TNG,99,2.22045e-16,67932,64774,4.10806e+09,2.46206,nan,nan,0.249179,0.124858,0.265597,0.241974,0.130754,0.121325,0.250885,0.0116713,0.12895,0.0107204,1,14.4375,11.7956,0.666667,45.2429,14.8106,0.0264501,95.3088,5.4911
627128,L35n2160TNG,99,2.22045e-16,53948,49876,3.30123e+09,1.7611,nan,nan,0.123323,0.141091,0.132507,0.117146,0.144051,0.139187,0.128182,0.0126037,0.142965,0.015385,2,14.8125,40.1728,0.2,43.6133,14.8125,0,81.9774,4.57664
627350,L35n2160TNG,99,2.22045e-16,131095,121210,7.89811e+09,3.83722,nan,nan,0.0705747,0.170774,0.0732223,0.0706791,0.171664,0.171227,0.0834301,0.00919386,0.175836,0.0102855,2,5.8125,-18.5019,0.1,40.7724,14.7975,0.0906228,118.703,17.27
627459,L35n2160TNG,99,2.22045e-16,216376,201813,1.28222e+10,3.2531,nan,nan,0.109423,0.0610476,0.108668,0.109672,0.0608011,0.0605856,0.111313,0.0075953,0.0671608,0.00680147,1,12.5625,10.3784,0,59.216,13.2619,1.06771,138.965,18.83
627572,L35n2160TNG,99,2.22045e-16,195996,183220,1.1827e+10,3.19487,nan,nan,0.161693,0.126088,0.166453,0.159976,0.121929,0.128362,0.163729,0.00799023,0.128988,0.00758876,1,14.8125,15.2964,0,72.8994,14.8069,0.0455822,133.146,9.47
627888,L35n2160TNG,99,2.22045e-16,77361,68627,4.7521e+09,2.78093,nan,nan,0.111799,0.0694068,0.116388,0.108822,0.0749739,0.0659617,0.123172,0.0128908,0.0875322,0.0128736,1,14.8125,45.3496,0.722222,44.4067,14.8125,0,115.733,16.49
628031,L35n2160TNG,99,2.22045e-16,154479,147093,9.1141e+09,1.94097,nan,nan,0.086992,0.044877,0.0835841,0.0914102,0.0432911,0.0468549,0.0912838,0.00873062,0.0519458,0.00806709,1,12.1875,-40.1987,0.285714,52.032,14.5388,0.408578,121.503,4.40721
628220,L35n2160TNG,99,2.22045e-16,122500,120519,7.16502e+09,1.14327,nan,nan,0.186193,0.287227,0.191315,0.17969,0.281372,0.294649,0.186334,0.00901191,0.287616,0.00908368,2,14.4375,4.12671,0.259259,45.4057,14.8012,0.0639702,125.566,2.74801
628378,L35n2160TNG,99,2.22045e-16,84182,80840,5.00686e+09,4.65199,nan,nan,0.131816,0.177956,0.133282,0.132433,0.183083,0.17567,0.137991,0.00899247,0.181523,0.00858127,1,12.1875,33.9821,0.375,41.2666,12.2981,0.481401,117.25,15.71
628555,L35n2160TNG,99,2.22045e-16,171567,154520,1.01102e+10,1.51858,nan,nan,0.040461,0.67754,0.0425015,0.0395325,0.667223,0.681874,0.0447749,0.00718508,0.676968,0.0083783,2,5.8125,-5.47369,0.625,40.625,14.7637,0.14673,98.8974,5.39243
628717,L35n2160TNG,99,2.22045e-16,142929,121742,8.45765e+09,3.07483,nan,nan,0.247783,0.0845957,0.245303,0.24825,0.0899335,0.0832192,0.249004,0.00969212,0.0927012,0.00894406,1,14.8125,-64.0384,1,22.1778,14.8125,0,112.696,18.83
628949,L35n2160TNG,99,2.22045e-16,225729,197758,1.35356e+10,2.89535,nan,nan,0.0754018,0.0618084,0.0746594,0.0749164,0.0636587,0.0611514,0.0774741,0.00612428,0.0643705,0.00633899,1,2.0625,47.4561,0,58.52,8.49188,5.87751,114.947,7.91
629266,L35n2160TNG,99,2.22045e-16,171626,157125,1.02548e+10,3.56371,nan,nan,0.180418,0.229321,0.183243,0.180848,0.236306,0.228936,0.182691,0.00731478,0.229142,0.00795724,2,14.8125,3.8332,0.73913,50.6112,14.8125,0,120.964,14.15
629409,L35n2160TNG,99,2.22045e-16,278620,264780,1.6555e+10,2.3439,nan,nan,0.0654393,0.297475,0.0696734,0.0623159,0.287366,0.305409,0.0669975,0.0053473,0.297592,0.00508684,2,13.3125,-16.2534,0.2,52.6245,14.8106,0.0264501,150.048,8.16551
629523,L35n2160TNG,99,2.22045e-16,68419,58291,4.22854e+09,1.82912,nan,nan,0.216434,0.111316,0.231839,0.204887,0.11396,0.109271,0.219427,0.0119798,0.116168,0.0121669,2,14.8125,42.8285,0.807692,32.8719,14.7769,0.109956,70.4378,4.17457
629762,L35n2160TNG,99,2.22045e-16,102951,88064,6.25894e+09,2.69634,nan,nan,0.183088,0.0925719,0.185289,0.181557,0.0975172,0.0898387,0.186957,0.0139657,0.104673,0.0135893,2,11.4375,6.38841,0.210526,56.3496,14.6569,0.373643,113.054,18.83
629891,L35n2160TNG,99,2.22045e-16,240840,215086,1.41133e+10,2.0095,nan,nan,0.0442383,0.248833,0.0465784,0.0424046,0.256311,0.242838,0.0484717,0.00771887,0.249899,0.00827196,2,14.8125,8.40423,0.515152,50.7147,14.8125,0,113.939,4.54977
630155,L35n2160TNG,99,2.22045e-16,167646,155068,9.99751e+09,2.1858,nan,nan,0.107979,0.136647,0.115169,0.0999873,0.136468,0.136357,0.109671,0.00687369,0.138519,0.00737819,1,14.8125,-2.04701,0.5,46.5364,14.6109,1.07856,122.507,4.23701
630290,L35n2160TNG,99,2.22045e-16,107639,82738,6.44831e+09,2.88566,nan,nan,0.210416,0.133692,0.227177,0.200413,0.137655,0.131727,0.217209,0.0139094,0.140309,0.0141115,2,14.8125,-25.9039,0.764706,40.4539,14.8125,0,94.8027,8.69
630396,L35n2160TNG,99,2.22045e-16,53896,48629,3.32819e+09,1.61845,nan,nan,0.158301,0.135474,0.154117,0.162404,0.136272,0.134622,0.161566,0.0128819,0.140744,0.011957,1,14.4375,19.2038,0.192308,51.9763,14.8069,0.0455822,79.1048,4.23429
630555,L35n2160TNG,99,2.22045e-16,126105,112291,7.40305e+09,1.46118,nan,nan,0.0894018,0.0563605,0.0896627,0.089038,0.0591153,0.052495,0.0936703,0.0117486,0.0628294,0.011711,2,14.8125,-0.8505,0.545455,38.5879,14.805,0.0645174,86.1994,0.723789
630760,L35n2160TNG,99,2.22045e-16,197426,185549,1.17207e+10,2.36529,nan,nan,0.13027,0.0477418,0.141315,0.125699,0.048024,0.0473232,0.132141,0.0081378,0.0540311,0.00798556,1,14.0625,34.0801,0.555556,44.4368,14.6269,0.295269,125.169,6.02669
630870,L35n2160TNG,99,2.22045e-16,218908,210750,1.25943e+10,1.73926,nan,nan,0.199637,0.175549,0.199722,0.198975,0.168752,0.184072,0.200089,0.00590558,0.17664,0.00596361,1,13.3125,-30.0617,0.428571,52.1537,14.7375,0.221853,129.549,5.59734
630975,L35n2160TNG,99,2.22045e-16,269689,245237,1.57654e+10,3.20423,nan,nan,0.0449179,0.0529057,0.0458496,0.0443582,0.0521393,0.0533473,0.0492034,0.00532009,0.056201,0.00526897,2,12.1875,-33.8239,0.111111,47.7793,14.6625,0.564994,127.485,8.69
631108,L35n2160TNG,99,2.22045e-16,141369,126927,8.38716e+09,1.34213,nan,nan,0.0961107,0.1173,0.101867,0.0889676,0.124837,0.107981,0.0977981,0.00835197,0.117954,0.00805904,3,12.9375,-6.27267,0.166667,59.3413,14.7562,0.166654,110.808,1.93319
631253,L35n2160TNG,99,2.22045e-16,173330,155363,1.03845e+10,3.3528,nan,nan,0.118183,0.0864585,0.123652,0.118622,0.082492,0.0861716,0.123059,0.00781255,0.0919142,0.00758342,1,14.8125,25.7896,1,50.8045,14.8125,0,126.129,9.47
631363,L35n2160TNG,99,2.22045e-16,56979,51619,3.44822e+09,2.38273,nan,nan,0.161641,0.0861716,0.163146,0.160376,0.0887491,0.0849746,0.166546,0.0139389,0.0950436,0.0134746,1,14.4375,2.18148,0.833333,46.9963,14.58,0.26927,55.9879,6.81102
631558,L35n2160TNG,99,2.22045e-16,207615,200790,1.23102e+10,2.24118,nan,nan,0.0487947,0.0592218,0.0502808,0.047366,0.0584473,0.059408,0.0536962,0.00668965,0.0647493,0.00761157,2,14.8125,-34.5002,0.380952,43.0339,14.8125,0,133.031,11.3062
631677,L35n2160TNG,99,2.22045e-16,210995,202410,1.25166e+10,1.55309,nan,nan,0.151723,0.0836822,0.15396,0.149946,0.0778706,0.0878176,0.152751,0.00700557,0.0850828,0.00672616,1,14.4375,40.5359,0.625,38.9409,14.7375,0.15,141.721,5.50839
631927,L35n2160TNG,99,2.22045e-16,94184,75314,5.64786e+09,2.19102,nan,nan,0.0873993,0.142738,0.0910329,0.0818307,0.135964,0.152775,0.0981658,0.0141509,0.150938,0.0133602,2,3.1875,-5.41374,0.526316,47.0007,14.4694,0.117259,107.248,13.782
632099,L35n2160TNG,99,2.22045e-16,58188,48494,3.52819e+09,2.60071,nan,nan,0.0663515,0.175459,0.066786,0.0667538,0.173977,0.176404,0.0899283,0.0159057,0.18331,0.0185147,2,14.4375,-19.857,0,65.4628,14.8125,0,96.6596,16.49
632310,L35n2160TNG,99,2.22045e-16,179052,171573,1.07184e+10,2.47951,nan,nan,0.0948926,0.0760725,0.091408,0.0952221,0.0804523,0.0756268,0.096391,0.00626084,0.0796632,0.00595988,1,11.8125,-13.8792,0.214286,61.4332,14.4525,0.504288,125.279,6.30082
632458,L35n2160TNG,99,2.22045e-16,95672,86206,5.82094e+09,2.98779,nan,nan,0.233619,0.16402,0.241811,0.230316,0.168347,0.163217,0.236017,0.0105683,0.16813,0.0106396,1,8.0625,48.0444,0,71.167,14.5162,0.425241,95.4755,9.47
632626,L35n2160TNG,99,2.22045e-16,61693,55997,3.82036e+09,2.40585,nan,nan,0.111047,0.122821,0.117474,0.105424,0.121679,0.124118,0.119411,0.0151308,0.131434,0.016137,2,14.8125,10.616,0.375,24.9178,14.8125,0,86.4417,15.1225
632978,L35n2160TNG,99,2.22045e-16,141080,127615,8.51019e+09,3.58419,nan,nan,0.0862677,0.147925,0.0853561,0.0864391,0.141694,0.146498,0.0962733,0.00940024,0.151981,0.00919281,1,14.8125,28.0575,0.428571,57.7925,14.8106,0.0264501,115.343,16.49
633322,L35n2160TNG,99,2.22045e-16,187797,177542,1.12038e+10,3.91359,nan,nan,0.183371,0.0852344,0.188818,0.18264,0.0866849,0.0851891,0.184916,0.00728836,0.0894067,0.00636691,1,2.0625,5.35491,0,50.4044,12.1613,3.84855,116.875,17.27
633437,L35n2160TNG,99,2.22045e-16,212496,196305,1.24823e+10,1.86046,nan,nan,0.0718613,0.0417831,0.0740513,0.0689742,0.040242,0.0437952,0.0739955,0.00735799,0.0475698,0.00783187,2,14.0625,14.1167,0.333333,43.3365,14.7619,0.133521,136.618,7.69183
633516,L35n2160TNG,99,2.22045e-16,89290,76401,5.38622e+09,3.51625,nan,nan,0.215176,0.142307,0.21307,0.214919,0.13456,0.141959,0.218348,0.0124435,0.1486,0.0116321,1,11.4375,-38.2547,0.909091,50.3524,13.5225,0.895803,100.169,16.49
633614,L35n2160TNG,99,2.22045e-16,171710,158709,1.02554e+10,3.58424,nan,nan,0.0685581,0.0765065,0.0679438,0.069404,0.0801966,0.073164,0.0725918,0.00752771,0.0832295,0.00745429,2,14.8125,38.2966,0.333333,55.4137,14.7994,0.0689174,121.612,19.61
633726,L35n2160TNG,99,2.22045e-16,95537,79501,5.77637e+09,3.77181,nan,nan,0.1652,0.318306,0.169188,0.160828,0.328707,0.311725,0.174137,0.0117811,0.319794,0.0113279,2,11.8125,14.2571,0.68,33.5653,14.8125,0,93.4542,17.27
633843,L35n2160TNG,99,2.22045e-16,70309,60739,4.27704e+09,2.58392,nan,nan,0.190033,0.102803,0.18549,0.195483,0.113922,0.0914628,0.195203,0.0161907,0.117626,0.0128364,1,2.8125,13.9094,0.272727,46.3044,14.0981,0.908242,110.782,18.83
633963,L35n2160TNG,99,2.22045e-16,177280,172113,1.05941e+10,1.93084,nan,nan,0.105823,0.131621,0.112971,0.101693,0.134572,0.129815,0.107443,0.00745777,0.133556,0.00657755,1,14.8125,27.9842,0,69.4432,14.7806,0.144156,132.199,6.17977
634046,L35n2160TNG,99,2.22045e-16,167777,154627,9.87624e+09,4.04392,nan,nan,0.0500532,0.136853,0.048416,0.0513628,0.137672,0.136332,0.0577116,0.00604875,0.139298,0.00667453,1,0,-44.8111,0,51.3014,1.50188,3.48548,115.764,12.59
634142,L35n2160TNG,99,2.22045e-16,102646,93071,6.19229e+09,2.92988,nan,nan,0.106486,0.126818,0.114278,0.107465,0.12854,0.125173,0.119606,0.0108933,0.132683,0.0107337,1,14.8125,34.0525,0.428571,58.8044,14.8125,0,91.9862,9.47
634283,L35n2160TNG,99,2.22045e-16,117473,109987,7.00995e+09,3.87223,nan,nan,0.0924842,0.256697,0.0895665,0.0933038,0.280746,0.247432,0.0986875,0.00829135,0.260482,0.00849539,2,11.0625,24.1479,0.4,46.9746,14.8125,0,100.398,18.83
634435,L35n2160TNG,99,2.22045e-16,65900,58977,3.98318e+09,1.5084,nan,nan,0.0500647,0.373422,0.0509863,0.0487349,0.374226,0.372576,0.0716845,0.0173995,0.37479,0.0206781,2,12.9375,32.3626,0.8,31.485,14.7375,0.175891,38.5509,1.19403
634631,L35n2160TNG,99,2.22045e-16,237494,223359,1.39522e+10,2.10634,nan,nan,0.0713575,0.0712458,0.0777545,0.0687256,0.0786131,0.0679593,0.0749998,0.00584039,0.0740686,0.00563952,1,13.3125,9.53724,0,66.1227,14.3325,0.486287,133.327,5.40521
634707,L35n2160TNG,99,2.22045e-16,203289,196378,1.21322e+10,2.96037,nan,nan,0.129354,0.0634644,0.136611,0.122905,0.0590819,0.0674277,0.132127,0.00689683,0.0692725,0.00646103,1,14.0625,-34.8213,1,34.7751,13.9809,1.15971,132.454,11.03
634801,L35n2160TNG,99,2.22045e-16,89593,79011,5.43518e+09,1.79007,nan,nan,0.113744,0.106164,0.110735,0.115844,0.107708,0.104556,0.115738,0.0102993,0.109359,0.0104736,1,13.3125,30.0248,0.642857,61.9909,14.7206,0.165585,86.8028,7.41029
634967,L35n2160TNG,99,2.22045e-16,126605,116021,7.64465e+09,2.71017,nan,nan,0.0885021,0.235897,0.0901447,0.0862737,0.239903,0.231518,0.0934253,0.00853095,0.237539,0.00962894,2,14.8125,3.78478,0.821429,34.7605,14.8106,0.0264501,99.6254,9.47
635113,L35n2160TNG,99,2.22045e-16,99480,86960,5.87748e+09,1.4691,nan,nan,0.0885784,0.0406228,0.0898513,0.0863664,0.0413504,0.0392368,0.0921127,0.0134631,0.0523611,0.0115373,2,13.6875,33.219,0.866667,32.9282,14.7506,0.170934,90.8307,2.07539
635267,L35n2160TNG,99,2.22045e-16,106025,101240,6.26483e+09,1.14201,nan,nan,0.0671319,0.107481,0.0744394,0.0562194,0.100635,0.117898,0.0732529,0.00964132,0.112792,0.00962693,1,14.8125,-9.83429,0.1875,46.2747,14.8106,0.0264501,111.132,2.39994
635467,L35n2160TNG,99,2.22045e-16,93917,77621,5.73298e+09,3.12401,nan,nan,0.178728,0.09427,0.187128,0.17554,0.0943176,0.0934834,0.184963,0.0104963,0.102924,0.0105263,2,13.3125,-58.4404,0.666667,62.7604,14.8125,0,76.3385,8.69
635613,L35n2160TNG,99,2.22045e-16,102810,98483,6.07756e+09,2.58867,nan,nan,0.121766,0.0826576,0.116522,0.123724,0.0874561,0.0808299,0.126098,0.00969122,0.0890194,0.00819177,1,14.8125,16.4477,0.428571,47.8544,14.7825,0.108426,108.689,7.13
635674,L35n2160TNG,99,2.22045e-16,111794,102199,6.54812e+09,3.79673,nan,nan,0.116149,0.302885,0.118956,0.116723,0.301775,0.302932,0.122091,0.0105717,0.304887,0.00982079,1,2.8125,-16.8609,0.428571,50.0497,14.8125,0,110.847,13.37
635817,L35n2160TNG,99,2.22045e-16,152207,140153,9.18053e+09,3.95096,nan,nan,0.0866677,0.143058,0.0822973,0.0860947,0.145842,0.143144,0.0937886,0.00832221,0.145184,0.00747456,2,11.8125,5.66117,1,43.1447,12.66,0.52129,116.068,14.93
635905,L35n2160TNG,99,2.22045e-16,170595,154689,1.02017e+10,3.15202,nan,nan,0.141989,0.159754,0.145852,0.141814,0.15831,0.159802,0.14425,0.00880203,0.162754,0.00912983,2,14.8125,-47.2961,0.764706,26.0135,14.8125,0,111.223,10.25
635998,L35n2160TNG,99,2.22045e-16,58406,55868,3.50813e+09,2.11175,nan,nan,0.15658,0.0906905,0.162544,0.157131,0.0919668,0.0915054,0.16055,0.0129071,0.0959343,0.011301,1,14.4375,-28.7358,0.666667,49.9558,14.7863,0.109395,79.1052,6.07396
636201,L35n2160TNG,99,2.22045e-16,178755,140594,1.05103e+10,1.85776,nan,nan,0.0936067,0.094714,0.092364,0.095337,0.0962482,0.0924479,0.0972135,0.00990192,0.0983986,0.00926119,2,11.4375,31.9161,1,23.4036,14.7769,0.143275,100.03,1.93621
636313,L35n2160TNG,99,2.22045e-16,119347,114763,7.12661e+09,2.46231,nan,nan,0.0949027,0.081562,0.0946618,0.0952149,0.0765289,0.0819986,0.0976996,0.00907439,0.0861545,0.00879336,1,11.4375,1.57394,0,49.967,14.6006,0.527108,112.117,6.25956
636468,L35n2160TNG,99,2.22045e-16,83157,68449,5.11876e+09,1.7709,nan,nan,0.19846,0.102393,0.213099,0.18457,0.103303,0.101575,0.200695,0.0108619,0.10589,0.0121927,1,14.0625,-12.9793,0.1875,59.962,14.7487,0.159584,86.0153,4.05347
636640,L35n2160TNG,99,2.22045e-16,258785,236643,1.53296e+10,3.83387,nan,nan,0.0412308,0.100224,0.043995,0.0392555,0.0999274,0.100048,0.0469087,0.00484161,0.102454,0.00565741,2,14.8125,29.8461,0.9,54.9647,14.7056,0.16928,120.008,11.81
636729,L35n2160TNG,99,2.22045e-16,171722,160905,1.02418e+10,2.37143,nan,nan,0.0471741,0.0550538,0.0443423,0.0497575,0.0558412,0.0543451,0.0517787,0.00669002,0.0595493,0.00725143,1,14.0625,-20.5857,1,37.861,14.8031,0.0695269,131.676,11.9523
636848,L35n2160TNG,99,2.22045e-16,179012,172086,1.05066e+10,1.32314,nan,nan,0.0643704,0.503849,0.0685148,0.0610119,0.508763,0.500218,0.0658219,0.00551615,0.50448,0.00605267,2,13.3125,24.2398,0.413793,51.6379,14.7956,0.077739,133.747,3.52554
637199,L35n2160TNG,99,2.22045e-16,117631,113861,6.94631e+09,1.66478,nan,nan,0.170157,0.124206,0.169184,0.170779,0.120791,0.126389,0.172819,0.0115703,0.127711,0.0111896,1,14.0625,-19.2439,0.136364,56.843,14.7656,0.129565,113.655,5.37093
637631,L35n2160TNG,99,2.22045e-16,175166,160695,1.04503e+10,2.12885,nan,nan,0.0859116,0.043798,0.0853759,0.0863986,0.043135,0.0447385,0.0876511,0.00818295,0.0494655,0.00726742,1,14.8125,-16.1229,0.166667,54.8943,14.7619,0.174597,118.968,5.45923
637695,L35n2160TNG,99,2.22045e-16,136046,124890,8.18324e+09,3.62291,nan,nan,0.0926691,0.165509,0.086992,0.093249,0.174268,0.163771,0.101549,0.00756989,0.169805,0.00940101,1,8.0625,-6.01869,0.333333,56.432,14.6962,0.589824,118.233,17.27
637971,L35n2160TNG,99,2.22045e-16,178784,163899,1.06683e+10,3.31709,nan,nan,0.210373,0.0759881,0.215007,0.207487,0.0797573,0.0737287,0.212198,0.00821192,0.0820617,0.00764408,1,14.8125,8.31763,0.25,47.0639,14.7863,0.142845,116.018,16.49
638088,L35n2160TNG,99,2.22045e-16,135699,131700,7.86633e+09,2.86177,nan,nan,0.0789168,0.0435654,0.0744613,0.0823576,0.0421347,0.0449572,0.0839409,0.0076415,0.0528457,0.00779691,2,14.8125,6.31242,0.714286,43.6352,14.8125,0,123.051,7.91
638213,L35n2160TNG,99,2.22045e-16,143389,136839,8.48082e+09,1.32121,nan,nan,0.0711727,0.0527932,0.07445,0.0700678,0.0552584,0.0519543,0.0743477,0.00682537,0.0559497,0.00646753,1,14.4375,-24.2951,0.454545,56.7212,14.775,0.124373,121.461,3.11812
638374,L35n2160TNG,99,2.22045e-16,103145,97184,6.2505e+09,2.75758,nan,nan,0.220966,0.0678232,0.230693,0.214976,0.068513,0.0671014,0.222069,0.00976269,0.0737411,0.00881672,1,12.9375,-56.6204,0.692308,69.6597,14.3081,0.443068,102.005,7.91
638489,L35n2160TNG,99,2.22045e-16,114195,103789,6.87633e+09,3.19965,nan,nan,0.268414,0.0508644,0.269618,0.268623,0.0499345,0.051323,0.268863,0.0101839,0.0630901,0.00918544,1,14.8125,-16.1168,0.666667,39.0098,14.7881,0.318369,111.242,16.49
638642,L35n2160TNG,99,2.22045e-16,128289,121640,7.59593e+09,3.65199,nan,nan,0.142641,0.0519126,0.152897,0.135481,0.0526351,0.0511808,0.14751,0.008916,0.0619019,0.00859201,1,14.8125,51.883,0.375,66.6463,14.8069,0.0455822,118.526,18.05
638742,L35n2160TNG,99,2.22045e-16,116139,108240,7.03173e+09,2.21551,nan,nan,0.288805,0.0640306,0.300244,0.286869,0.0630044,0.0642778,0.290128,0.00756923,0.0673976,0.00868945,1,14.8125,-18.6648,0.142857,55.797,14.6531,0.38323,91.0606,4.97827
638847,L35n2160TNG,99,2.22045e-16,137979,123210,8.17202e+09,1.42511,nan,nan,0.0839301,0.056574,0.0884799,0.0761475,0.0574688,0.0550819,0.0852561,0.00986133,0.0633833,0.00933348,2,14.8125,25.0428,1,37.1158,14.8106,0.0264501,109.993,2.89819
638950,L35n2160TNG,99,2.22045e-16,137868,128745,8.25464e+09,5.04435,nan,nan,0.183282,0.201334,0.187048,0.182057,0.199864,0.2031,0.184984,0.00665608,0.203336,0.0070263,1,10.6875,16.5656,0.555556,43.2665,13.3987,1.32089,115.552,12.59
639076,L35n2160TNG,99,2.22045e-16,87305,81066,5.20565e+09,2.82308,nan,nan,0.0978802,0.0949457,0.102172,0.095237,0.105163,0.0895645,0.111033,0.0128367,0.113136,0.0130312,2,14.8125,-15.2675,0.176471,62.1535,14.8125,0,115.822,19.61
639157,L35n2160TNG,99,2.22045e-16,75453,69049,4.53709e+09,2.37407,nan,nan,0.0956014,0.103269,0.100857,0.0884846,0.104648,0.10094,0.111929,0.0152981,0.115713,0.0150638,2,14.8125,45.1358,0.6,39.5607,14.8087,0.037312,109.62,17.883
639294,L35n2160TNG,99,2.22045e-16,99392,90876,6.04084e+09,2.98209,nan,nan,0.139838,0.0699975,0.140588,0.139138,0.0720896,0.0690127,0.142449,0.00886762,0.0757762,0.00819108,1,14.8125,3.73283,0.25,42.1564,14.715,0.209598,99.9172,7.91
639432,L35n2160TNG,99,2.22045e-16,203937,192052,1.21826e+10,4.92322,nan,nan,0.236012,0.224821,0.249987,0.212397,0.228135,0.219842,0.237198,0.00571964,0.225896,0.00563358,1,14.8125,-28.0275,0.26087,55.2138,14.8125,0,122.111,11.03
639532,L35n2160TNG,99,2.22045e-16,137068,129605,8.08028e+09,2.05435,nan,nan,0.192835,0.100875,0.202295,0.181055,0.100323,0.102401,0.195443,0.0127655,0.108826,0.0104312,2,2.8125,-0.241548,0.0588235,49.8269,14.8125,0,117.984,11.6544
639628,L35n2160TNG,99,2.22045e-16,68379,60904,4.0961e+09,2.54384,nan,nan,0.103147,0.0748027,0.102184,0.104112,0.0723694,0.0766455,0.111135,0.0118035,0.0868485,0.0120574,1,14.0625,-11.1313,0,61.6746,14.625,0.278107,90.2277,7.91
639804,L35n2160TNG,99,2.22045e-16,165355,159679,9.95521e+09,3.04654,nan,nan,0.0932854,0.28418,0.091811,0.0953196,0.29136,0.273789,0.0975203,0.0077646,0.285215,0.00732693,2,14.8125,13.8922,0.384615,54.9602,14.7506,0.148953,123.325,11.03
639892,L35n2160TNG,99,2.22045e-16,199333,186358,1.14287e+10,1.35475,nan,nan,0.0821545,0.272961,0.0830338,0.0811733,0.268243,0.279128,0.0837774,0.008317,0.273333,0.00827877,2,14.0625,12.0823,0.65,33.6032,14.7094,0.19821,101.233,5.669
639991,L35n2160TNG,99,2.22045e-16,114384,98265,6.85284e+09,2.83708,nan,nan,0.131189,0.121714,0.135166,0.130246,0.116794,0.12297,0.136999,0.0114281,0.128553,0.0110151,1,10.3125,-27.1065,0.333333,68.3349,14.7637,0.206454,115.134,12.59
640109,L35n2160TNG,99,2.22045e-16,99383,90843,5.862e+09,2.96737,nan,nan,0.131147,0.106664,0.13526,0.129145,0.111092,0.103782,0.138871,0.013015,0.112994,0.0135984,2,3.9375,-19.7452,0.166667,40.5181,13.9987,1.06272,106.042,19.61
640208,L35n2160TNG,99,2.22045e-16,111685,102595,6.70828e+09,3.96987,nan,nan,0.110525,0.327369,0.111278,0.110166,0.331077,0.327465,0.118904,0.00846904,0.328638,0.0106182,2,8.8125,8.51805,0.133333,50.3453,13.5375,1.12562,106.686,19.61
640331,L35n2160TNG,99,2.22045e-16,160060,152473,9.56841e+09,3.20791,nan,nan,0.0952874,0.0511628,0.0956888,0.0959941,0.0514345,0.0512453,0.0997986,0.00695448,0.0575661,0.00766017,2,13.6875,12.8882,0.583333,40.8605,14.5744,0.202561,131.097,7.13
640403,L35n2160TNG,99,2.22045e-16,152357,147003,9.16021e+09,3.19119,nan,nan,0.107478,0.18592,0.111134,0.103359,0.188502,0.183081,0.109013,0.00722011,0.188229,0.00783543,2,12.1875,-22.3582,0.0588235,50.8631,14.7937,0.0974279,126.185,11.03
640495,L35n2160TNG,99,2.22045e-16,91271,81417,5.5409e+09,3.02775,nan,nan,0.23274,0.111336,0.22368,0.230184,0.117224,0.111476,0.235268,0.0125125,0.120558,0.011728,1,12.1875,12.1155,0.166667,56.7513,14.7225,0.286182,113.854,16.49
640640,L35n2160TNG,99,2.22045e-16,59860,53676,3.6213e+09,1.46506,nan,nan,0.0526516,0.0456033,0.0492654,0.057848,0.0476254,0.0423743,0.0692998,0.01338,0.0598536,0.0140531,2,14.8125,-14.3041,0.95,48.0543,14.8125,0,67.2742,2.96851
640976,L35n2160TNG,99,2.22045e-16,63514,61314,3.79542e+09,1.23837,nan,nan,0.277464,0.0817594,0.276797,0.278532,0.0816781,0.0817419,0.277488,0.0141386,0.0844126,0.0132706,1,14.0625,-2.3856,0.571429,32.0234,14.8087,0.037312,77.7807,2.56954
641149,L35n2160TNG,99,2.22045e-16,151425,135485,9.02808e+09,2.1596,nan,nan,0.0862485,0.0857537,0.0809337,0.0907033,0.0896733,0.0824787,0.093273,0.0105577,0.0905592,0.0114514,1,9.9375,-2.74572,1,36.3514,14.3981,0.811593,122.064,7.54626
641249,L35n2160TNG,99,2.22045e-16,115446,108020,6.72686e+09,1.2894,nan,nan,0.0941746,0.439189,0.0978001,0.0900984,0.416664,0.463676,0.0957118,0.00809403,0.43893,0.00840913,2,14.8125,-22.3988,0.419355,46.4352,14.7937,0.0817294,104.136,3.05196
641507,L35n2160TNG,99,2.22045e-16,98359,90034,5.94713e+09,3.10032,nan,nan,0.0914086,0.112973,0.0926913,0.0915695,0.109752,0.114769,0.101517,0.0124692,0.120642,0.011354,1,14.8125,14.4778,0.25,51.3303,14.8087,0.037312,113.545,14.93
641601,L35n2160TNG,99,2.22045e-16,68879,61060,4.20047e+09,2.60165,nan,nan,0.0801218,0.106682,0.0842648,0.0764491,0.113702,0.100084,0.0944642,0.0145478,0.121811,0.013619,1,14.8125,-45.6181,0.0434783,46.3549,14.8125,0,93.1325,14.15
641754,L35n2160TNG,99,2.22045e-16,85637,81666,5.18902e+09,4.17248,nan,nan,0.14521,0.220498,0.148965,0.132792,0.217138,0.227559,0.149856,0.00905994,0.224046,0.00955901,1,14.8125,-24.6558,0.0952381,52.8328,14.8087,0.037312,107.708,7.91
641885,L35n2160TNG,99,2.22045e-16,108911,98684,6.3948e+09,1.72724,nan,nan,0.0794817,0.0398866,0.0836627,0.075329,0.0413342,0.0386858,0.0870739,0.0125952,0.0546693,0.0110164,2,14.4375,-46.5427,0.769231,49.2283,14.7675,0.121861,82.3504,3.42994
641964,L35n2160TNG,99,2.22045e-16,160241,153517,9.53138e+09,4.2366,nan,nan,0.0959329,0.0989949,0.0939747,0.0978917,0.104508,0.0940733,0.0995693,0.00609102,0.1027,0.00696428,1,14.8125,3.80561,0.8,40.7125,14.8125,0,119.806,10.25
642056,L35n2160TNG,99,2.22045e-16,91809,87808,5.40853e+09,1.21178,nan,nan,0.138898,0.172344,0.144359,0.127672,0.173014,0.171691,0.139949,0.0139386,0.172446,0.0130686,1,13.6875,-10.0032,0.45,44.6645,14.8087,0.037312,99.3987,1.78719
642220,L35n2160TNG,99,2.22045e-16,178094,171873,1.06513e+10,2.08889,nan,nan,0.129988,0.134641,0.137243,0.132708,0.137776,0.135198,0.131352,0.00568766,0.135392,0.00635575,1,7.3125,14.7093,0,54.9659,14.6606,0.339779,136.202,6.01178
642303,L35n2160TNG,99,2.22045e-16,189853,175248,1.13846e+10,5.04134,nan,nan,0.137414,0.272617,0.143115,0.130428,0.282864,0.258996,0.140142,0.00606321,0.273309,0.00620139,2,14.0625,-25.0979,0.647059,36.9187,14.7806,0.104581,118.113,12.59
642396,L35n2160TNG,99,2.22045e-16,64090,58525,3.84226e+09,3.61157,nan,nan,0.152543,0.129812,0.156073,0.155097,0.125168,0.128724,0.160448,0.0127644,0.139905,0.0117479,1,14.4375,-67.6569,0.8,56.1185,14.8125,0,94.8788,13.37
642542,L35n2160TNG,99,2.22045e-16,134259,130894,7.83603e+09,1.26714,nan,nan,0.247108,0.276753,0.247687,0.24636,0.273096,0.281746,0.248745,0.0106854,0.276487,0.0108015,2,2.8125,22.9468,0.105263,48.6999,14.7487,0.155116,121.26,2.62016
642671,L35n2160TNG,99,2.22045e-16,276175,222293,1.57319e+10,1.59149,nan,nan,0.0854159,0.685783,0.0778588,0.101236,0.681098,0.700545,0.0917217,0.0100243,0.685583,0.00990518,2,14.8125,0.598438,1,1.52771,14.8125,0,42.6414,10.0409
642892,L35n2160TNG,99,2.22045e-16,65963,54667,3.97094e+09,2.84666,nan,nan,0.0458989,0.10638,0.0465213,0.0454028,0.109529,0.103868,0.0720066,0.0124549,0.118385,0.0141596,2,14.8125,39.0181,0.882353,47.8215,14.8125,0,105.189,19.61
642985,L35n2160TNG,99,2.22045e-16,53476,48156,3.22113e+09,2.89896,nan,nan,0.148902,0.0952399,0.145012,0.152015,0.100736,0.0922584,0.1583,0.0182279,0.114903,0.0161007,1,12.1875,16.0883,0.727273,56.1223,14.3719,0.456881,97.9277,14.93
643138,L35n2160TNG,99,2.22045e-16,164791,159338,9.59907e+09,1.38133,nan,nan,0.111767,0.500958,0.113322,0.110813,0.499063,0.502475,0.112532,0.00904179,0.501503,0.00780258,2,14.4375,-34.8492,0.37931,57.3981,14.7394,0.148575,120.556,5.35328
643257,L35n2160TNG,99,2.22045e-16,67334,61241,4.11901e+09,3.88121,nan,nan,0.272478,0.199838,0.287699,0.26661,0.198014,0.200302,0.276253,0.0120783,0.205194,0.0114009,1,14.8125,1.22283,0.117647,53.8312,14.7825,0.101735,94.3439,12.59
643554,L35n2160TNG,99,2.22045e-16,67189,63758,4.01793e+09,2.65937,nan,nan,0.0784683,0.1487,0.0823987,0.0761819,0.15485,0.143541,0.0926543,0.0134314,0.153894,0.0133199,1,14.8125,-23.2641,0.25,50.1747,14.8125,0,95.4655,14.93
643642,L35n2160TNG,99,2.22045e-16,168193,158256,1.01055e+10,3.62373,nan,nan,0.133726,0.258643,0.136048,0.131609,0.277434,0.247882,0.135234,0.00588763,0.259035,0.00664034,1,14.8125,26.7554,0.333333,54.2888,14.8125,0,114.481,10.25
643728,L35n2160TNG,99,2.22045e-16,111637,99570,6.5939e+09,2.04244,nan,nan,0.0437881,0.057276,0.0457427,0.0433355,0.0626957,0.0550788,0.054598,0.00875016,0.0657433,0.00895454,2,14.8125,40.8406,0.541667,35.9736,14.8106,0.0264501,83.0873,10.9541
643853,L35n2160TNG,99,2.22045e-16,83436,74618,4.9853e+09,2.50362,nan,nan,0.0646182,0.0644601,0.0661015,0.0627089,0.0672927,0.0614237,0.0808601,0.0122361,0.0785303,0.0112619,2,2.8125,38.1413,0,46.197,14.3475,0.965026,110.594,19.61
643919,L35n2160TNG,99,2.22045e-16,76682,72290,4.60141e+09,4.42456,nan,nan,0.207625,0.109402,0.202745,0.208005,0.107817,0.109735,0.210741,0.0100913,0.115735,0.0100206,1,14.8125,33.9546,0.111111,54.5221,14.8125,0,105.92,13.37
644044,L35n2160TNG,99,2.22045e-16,74633,69184,4.51168e+09,1.47091,nan,nan,0.0439502,0.0626701,0.0435092,0.0443508,0.0660362,0.0592231,0.0552481,0.0120105,0.0705285,0.0136263,2,14.8125,5.96495,0.941176,36.2706,14.8106,0.0264501,102.891,5.23226
644345,L35n2160TNG,99,2.22045e-16,163375,159212,9.75404e+09,2.30223,nan,nan,0.137513,0.087971,0.134983,0.140038,0.0897915,0.0871818,0.140425,0.00800539,0.0905021,0.00735675,1,13.3125,39.5231,0.666667,69.9652,14.5969,0.24429,128.225,8.02549
644435,L35n2160TNG,99,2.22045e-16,73481,66202,4.45363e+09,3.04216,nan,nan,0.201872,0.172852,0.216269,0.202744,0.180376,0.169185,0.210434,0.0146373,0.180619,0.0142384,1,8.8125,-15.7812,0.692308,39.2885,14.2181,0.712774,97.4119,18.83
644535,L35n2160TNG,99,2.22045e-16,79302,76109,4.73776e+09,2.60501,nan,nan,0.0901509,0.105003,0.0944197,0.0892949,0.107218,0.104473,0.0956534,0.00932706,0.108125,0.00896487,1,14.4375,-26.0975,0.833333,34.9543,14.7544,0.1408,98.8833,8.69
644824,L35n2160TNG,99,2.22045e-16,140404,120741,8.44256e+09,2.89045,nan,nan,0.168885,0.0603435,0.165838,0.171891,0.057827,0.0628523,0.171871,0.00878618,0.0676066,0.00802533,2,11.4375,46.31,1,52.8867,14.5725,0.267909,108.614,8.69
644876,L35n2160TNG,99,2.22045e-16,84189,77688,4.95034e+09,3.07092,nan,nan,0.0766778,0.120343,0.0779131,0.0763158,0.120805,0.120172,0.0877502,0.0107183,0.126538,0.0143942,2,8.4375,-1.06605,0,56.3463,14.5819,0.513733,97.1214,15.71
645012,L35n2160TNG,99,2.22045e-16,152391,135602,9.0113e+09,3.77143,nan,nan,0.0858032,0.0707975,0.0851921,0.0852349,0.0708287,0.0709622,0.092214,0.00755592,0.0771651,0.00780235,1,1.3125,-33.0439,0,58.249,12.6975,4.00514,113.413,11.03
645098,L35n2160TNG,99,2.22045e-16,81005,77797,4.93376e+09,3.01227,nan,nan,0.102453,0.133871,0.107261,0.101828,0.137245,0.133302,0.106979,0.00945975,0.136029,0.00934196,1,11.4375,-7.85462,0.5,53.7143,14.5988,0.452353,99.2599,7.91
645213,L35n2160TNG,99,2.22045e-16,69917,59985,4.20616e+09,2.19639,nan,nan,0.104958,0.0735456,0.116476,0.095782,0.0760213,0.0716761,0.119279,0.0138171,0.0869902,0.0135492,1,1.6875,16.7452,0.176471,56.1624,14.4637,0.453905,85.5766,14.4983
645295,L35n2160TNG,99,2.22045e-16,143891,134779,8.50603e+09,2.21126,nan,nan,0.121152,0.0793339,0.126286,0.119377,0.0827325,0.0779257,0.123645,0.00783056,0.0823775,0.00753105,1,12.1875,32.36,0.454545,50.6111,14.6475,0.364812,109.268,6.34462
645391,L35n2160TNG,99,2.22045e-16,95562,82039,5.78571e+09,3.82256,nan,nan,0.367431,0.233536,0.378305,0.3707,0.221945,0.230634,0.370296,0.00976014,0.237225,0.0115927,2,14.8125,49.1369,0,64.8844,14.8125,0,97.4034,9.47
645517,L35n2160TNG,99,2.22045e-16,109073,96126,6.63985e+09,2.24801,nan,nan,0.285502,0.103774,0.280386,0.290506,0.0949177,0.112631,0.286695,0.00926281,0.110313,0.0087897,1,14.8125,-42.6344,0.277778,60.2453,14.8125,0,99.5408,7.14395
645740,L35n2160TNG,99,2.22045e-16,131636,124944,7.79267e+09,1.70665,nan,nan,0.116923,0.0791245,0.120543,0.111297,0.0801212,0.0777305,0.118282,0.00976731,0.0814729,0.00961083,1,14.8125,5.02296,0.333333,53.4164,14.8125,0,109.193,2.86757
645833,L35n2160TNG,99,2.22045e-16,80342,68214,4.79449e+09,2.22854,nan,nan,0.205256,0.216297,0.202111,0.209813,0.206122,0.231277,0.209442,0.0131719,0.219366,0.0145992,2,14.8125,-0.212963,0.846154,24.2124,14.8125,0,82.5495,17.4818
646411,L35n2160TNG,99,2.22045e-16,110489,104741,6.64708e+09,2.80955,nan,nan,0.0498116,0.0832794,0.0460391,0.0499132,0.0784071,0.0836074,0.0585607,0.00669281,0.0881242,0.00729093,1,13.3125,-31.7554,0,49.7114,14.6419,0.326482,108.187,7.91
646515,L35n2160TNG,99,2.22045e-16,103216,96717,6.19425e+09,1.65137,nan,nan,0.234508,0.0502327,0.241443,0.230631,0.0544072,0.0478686,0.23465,0.013032,0.0606967,0.0101668,1,12.9375,-8.91652,0.416667,56.4162,14.7413,0.181362,114.595,4.82172
646637,L35n2160TNG,99,2.22045e-16,101131,94633,5.91471e+09,1.22797,nan,nan,0.0414644,0.143893,0.0440457,0.0393502,0.13889,0.147973,0.0495608,0.0103657,0.143757,0.0108574,2,14.8125,12.6301,0.458333,37.6726,14.7994,0.0689174,100.533,2.17828
646733,L35n2160TNG,99,2.22045e-16,215464,205810,1.26625e+10,3.00256,nan,nan,0.0853371,0.0930723,0.0839288,0.086426,0.096956,0.091037,0.0888126,0.00687805,0.0962699,0.00756736,1,14.8125,-13.7975,1,59.8682,14.6175,0.603459,125.18,9.47
646803,L35n2160TNG,99,2.22045e-16,65422,61560,3.9665e+09,1.57248,nan,nan,0.455259,0.102554,0.44667,0.465049,0.101756,0.103672,0.454697,0.0109146,0.10484,0.0115298,1,13.3125,24.6369,0.545455,39.027,14.8069,0.0455822,79.6228,3.64075
647109,L35n2160TNG,99,2.22045e-16,100004,90014,5.97342e+09,1.41873,nan,nan,0.0968517,0.0582219,0.10297,0.0918083,0.0572879,0.058983,0.100981,0.0111686,0.0653218,0.0124252,2,12.9375,-14.2404,0.8,33.4803,14.8087,0.037312,96.2295,3.32096
647190,L35n2160TNG,99,2.22045e-16,205933,191300,1.1946e+10,1.63798,nan,nan,0.16579,0.14609,0.172472,0.155605,0.149243,0.142397,0.166507,0.00764243,0.147412,0.00776309,1,1.6875,12.1599,0.285714,57.2206,14.5631,0.32536,127.972,3.77699
647248,L35n2160TNG,99,2.22045e-16,154045,149323,9.25233e+09,1.87389,nan,nan,0.132954,0.0903799,0.136381,0.129162,0.0888005,0.0920348,0.13398,0.00739656,0.0914254,0.00719931,2,13.6875,-9.39951,0,47.2383,14.5256,0.417544,121.422,4.26769
647349,L35n2160TNG,99,2.22045e-16,135503,116737,7.94144e+09,3.44203,nan,nan,0.115039,0.163676,0.119486,0.11579,0.164745,0.163216,0.121055,0.00841078,0.166809,0.00891487,1,10.3125,30.7271,0.166667,70.4753,14.2856,0.923214,101.225,11.81
647434,L35n2160TNG,99,2.22045e-16,85808,76042,5.18667e+09,3.0184,nan,nan,0.11337,0.0781887,0.110858,0.115607,0.0762888,0.078848,0.119535,0.0111724,0.0862189,0.0107416,1,12.9375,12.0313,1,21.403,14.5031,0.408109,107.635,14.93
647544,L35n2160TNG,99,2.22045e-16,101002,92759,5.96815e+09,1.43684,nan,nan,0.0392523,0.0705974,0.0399996,0.0383824,0.0698123,0.0716978,0.049475,0.0104679,0.0756999,0.0116607,2,14.8125,50.9706,0.952381,41.4574,14.7975,0.0734847,104.068,3.79842
647635,L35n2160TNG,99,2.22045e-16,131883,127585,7.80935e+09,1.70168,nan,nan,0.111735,0.0519423,0.117639,0.110133,0.0515386,0.0524221,0.114802,0.00964627,0.0562152,0.00849593,2,14.4375,-9.35696,0.777778,41.0955,14.8031,0.0585469,127.27,4.95856
647687,L35n2160TNG,99,2.22045e-16,78909,73747,4.76781e+09,2.79904,nan,nan,0.115444,0.117059,0.109558,0.122038,0.120221,0.11374,0.124628,0.0117359,0.120967,0.0112895,1,14.8125,22.3119,0.7,47.042,14.8106,0.0264501,109.671,11.03
647768,L35n2160TNG,99,2.22045e-16,74556,59403,4.52144e+09,2.63859,nan,nan,0.364206,0.332915,0.373845,0.352235,0.341589,0.322026,0.366714,0.0129495,0.335905,0.0133615,2,14.8125,-15.1703,0.733333,26.4644,14.8125,0,64.7035,15.71
647894,L35n2160TNG,99,2.22045e-16,83240,75479,4.85197e+09,2.1246,nan,nan,0.0593846,0.146111,0.0633195,0.0560422,0.140245,0.151084,0.0735262,0.0118854,0.151306,0.0131895,2,2.8125,56.9829,0.545455,66.5453,14.7863,0.0956801,98.0858,7.42864
648007,L35n2160TNG,99,2.22045e-16,95089,90444,5.64558e+09,1.28898,nan,nan,0.0225534,0.0419684,0.0232933,0.0216088,0.0411954,0.0427974,0.0343064,0.00810685,0.0481358,0.00926196,2,14.8125,-45.4751,0.315789,63.7334,14.7975,0.105,98.5036,3.05107
648115,L35n2160TNG,99,2.22045e-16,149475,137927,8.79949e+09,1.91171,nan,nan,0.156903,0.087355,0.162943,0.15182,0.0928037,0.0827072,0.158615,0.00845256,0.0897044,0.00815223,1,14.8125,-25.3836,0.75,52.5194,14.8125,0,113.256,7.89684
648211,L35n2160TNG,99,2.22045e-16,85104,79047,5.12807e+09,1.30666,nan,nan,0.0360177,0.144268,0.0391852,0.0340294,0.142645,0.145058,0.0453597,0.00927756,0.146439,0.010954,1,14.8125,5.10949,0.461538,43.5768,14.7956,0.077739,89.9523,3.08786
648535,L35n2160TNG,99,2.22045e-16,124177,108843,7.49796e+09,3.71047,nan,nan,0.124014,0.222238,0.136729,0.119611,0.23071,0.21901,0.13046,0.00902815,0.224157,0.008221,1,14.8125,14.3126,0.466667,54.0609,14.8069,0.0455822,95.8162,8.69
648822,L35n2160TNG,99,2.22045e-16,125219,118593,7.45515e+09,3.39508,nan,nan,0.129971,0.0965266,0.129697,0.130508,0.0960848,0.0968194,0.132286,0.0082378,0.100258,0.00808602,1,14.0625,23.5755,0.25,64.1619,14.0541,1.19505,111.276,11.03
648911,L35n2160TNG,99,2.22045e-16,90607,75450,5.41073e+09,2.04539,nan,nan,0.187674,0.166897,0.192302,0.181764,0.166117,0.167795,0.189672,0.0118014,0.169415,0.0113502,2,13.3125,-48.7274,0.947368,26.0175,14.7788,0.146154,41.1793,3.35536
648986,L35n2160TNG,99,2.22045e-16,64318,55973,3.87654e+09,2.21786,nan,nan,0.0897013,0.269154,0.0872993,0.0911284,0.267301,0.270428,0.104528,0.0135993,0.27429,0.0152878,2,14.8125,38.0363,0.233333,58.2546,14.7788,0.107318,87.9215,14.6391
649094,L35n2160TNG,99,2.22045e-16,115744,105666,6.98744e+09,3.25572,nan,nan,0.158955,0.129294,0.163193,0.158627,0.13436,0.12895,0.162057,0.00763216,0.131835,0.0078599,1,14.8125,45.0606,0.461538,36.4334,14.7769,0.109956,109.032,7.91
649341,L35n2160TNG,99,2.22045e-16,155133,150041,8.87928e+09,1.12963,nan,nan,0.0911907,0.68863,0.0926671,0.0901631,0.659634,0.747065,0.0945738,0.0118036,0.689153,0.0112458,2,3.1875,-12.7428,0.5,38.0104,14.7731,0.126601,96.4774,3.74406
649627,L35n2160TNG,99,2.22045e-16,138076,133631,7.99174e+09,1.139,nan,nan,0.0482675,0.328938,0.0480138,0.048991,0.320111,0.354164,0.0565835,0.0133721,0.329986,0.0161091,2,14.8125,60.7894,0.72973,52.3425,14.7975,0.0734847,87.0143,2.05016
649711,L35n2160TNG,99,2.22045e-16,102399,98302,6.09422e+09,2.84518,nan,nan,0.064728,0.0972552,0.0691959,0.0618245,0.100288,0.0950929,0.0742695,0.00999005,0.10161,0.0107305,1,14.8125,25.2802,0,60.6543,14.8125,0,113.46,14.93
649804,L35n2160TNG,99,2.22045e-16,80378,72794,4.779e+09,1.78132,nan,nan,0.0373272,0.128288,0.0391079,0.0351871,0.13418,0.121629,0.0512077,0.0102935,0.130679,0.0133436,2,14.8125,-58.1417,0.652174,24.5732,14.7525,0.137477,67.5556,7.92529
649905,L35n2160TNG,99,2.22045e-16,69425,57301,4.18291e+09,2.41055,nan,nan,0.0888528,0.299239,0.0914019,0.0853627,0.298937,0.299088,0.101406,0.0171611,0.301128,0.0182528,2,5.8125,-1.19229,0.892857,20.6699,14.8125,0,94.6946,16.6546
649987,L35n2160TNG,99,2.22045e-16,110025,104353,6.62331e+09,1.78116,nan,nan,0.0865923,0.250334,0.0895653,0.087453,0.2409,0.247746,0.08918,0.00871895,0.250631,0.00859117,1,12.9375,31.7152,0.121212,60.354,14.8031,0.0695269,107.032,7.37464
650232,L35n2160TNG,99,2.22045e-16,76790,67243,4.68334e+09,2.44357,nan,nan,0.106779,0.148574,0.110358,0.102397,0.15575,0.140334,0.112769,0.01383,0.156643,0.0138975,2,10.6875,-19.0402,0.4,39.6603,14.6738,0.222833,109.49,10.7862
650340,L35n2160TNG,99,2.22045e-16,131586,117284,7.79977e+09,2.03575,nan,nan,0.0591081,0.158961,0.0644258,0.0531935,0.15055,0.169365,0.0682495,0.0106861,0.161185,0.0107838,2,1.6875,-30.9976,0.0952381,64.6707,14.7863,0.121572,117.498,7.13014
650417,L35n2160TNG,99,2.22045e-16,133315,119075,8.01043e+09,2.44126,nan,nan,0.0811981,0.122243,0.0860181,0.0777403,0.119907,0.124048,0.0885587,0.0102689,0.126001,0.0109258,2,14.0625,-30.9878,0.533333,45.1008,14.8125,0,108.994,8.49263
650513,L35n2160TNG,99,2.22045e-16,103209,92041,6.14782e+09,3.05882,nan,nan,0.094821,0.119234,0.0981121,0.0917245,0.127426,0.112268,0.101639,0.0114986,0.124846,0.0115925,2,14.8125,18.2808,0,72.2576,14.8125,0,100.404,18.83
650623,L35n2160TNG,99,2.22045e-16,80841,76290,4.86666e+09,2.67115,nan,nan,0.388371,0.104399,0.400494,0.382518,0.106081,0.104152,0.390502,0.0105367,0.1113,0.0111628,1,14.8125,-40.5055,0.4375,41.981,14.8125,0,94.3773,11.03
650703,L35n2160TNG,99,2.22045e-16,123650,119849,7.36261e+09,1.70341,nan,nan,0.125019,0.0699089,0.126025,0.123952,0.0686323,0.0712781,0.126167,0.0097673,0.0730024,0.00928761,1,14.8125,-19.6968,0.333333,52.9209,14.8106,0.0264501,115.509,3.91309
650791,L35n2160TNG,99,2.22045e-16,109023,101811,6.55856e+09,3.26227,nan,nan,0.0818979,0.103587,0.0859829,0.0790681,0.103084,0.104465,0.0884283,0.00858629,0.107608,0.00804276,1,12.1875,-22.74,1,43.065,14.385,0.548629,103.765,7.13
650946,L35n2160TNG,99,2.22045e-16,69077,65104,4.12757e+09,3.38011,nan,nan,0.128137,0.0915136,0.131794,0.128852,0.0883477,0.089743,0.139296,0.0133089,0.106503,0.0127918,1,14.8125,35.4696,0.5,52.0481,14.8125,0,114.399,15.71
651064,L35n2160TNG,99,2.22045e-16,105351,95947,6.26205e+09,1.70018,nan,nan,0.050464,0.0502219,0.0507754,0.0500816,0.0486523,0.0516807,0.0541384,0.0099739,0.0561049,0.00956129,1,13.6875,-9.7581,0,71.5365,14.6644,0.230854,68.0822,2.85826
651166,L35n2160TNG,99,2.22045e-16,77794,72372,4.65496e+09,3.15327,nan,nan,0.0855121,0.210567,0.0830275,0.0861878,0.21549,0.208853,0.0976841,0.0126004,0.214391,0.0139741,2,14.8125,5.56579,0.470588,47.1275,14.8125,0,98.5823,14.93
651325,L35n2160TNG,99,2.22045e-16,109543,89745,6.49773e+09,3.26558,nan,nan,0.130059,0.118436,0.134435,0.127937,0.12119,0.117557,0.135775,0.0121364,0.125967,0.0109774,2,11.0625,33.3373,0.75,27.6876,13.5019,0.481693,104.988,18.83
651369,L35n2160TNG,99,2.22045e-16,105240,98769,6.22592e+09,1.97068,nan,nan,0.0541684,0.0591928,0.0544825,0.0535709,0.0594866,0.0589663,0.0610653,0.0103865,0.064308,0.0105071,1,14.8125,28.7928,0.727273,37.3117,14.7937,0.0817294,123.66,15.4601
651449,L35n2160TNG,99,2.22045e-16,64938,56969,3.85572e+09,1.89897,nan,nan,0.139682,0.0736074,0.136105,0.145909,0.0735722,0.0733876,0.145658,0.0152811,0.0831038,0.0164344,2,14.8125,-71.277,0.888889,53.6432,14.8125,0,99.1421,9.60891
651648,L35n2160TNG,99,2.22045e-16,77399,63220,4.67633e+09,3.38234,nan,nan,0.221026,0.189104,0.214268,0.222018,0.188789,0.189164,0.226566,0.015133,0.195729,0.0139036,2,14.8125,-28.6638,0.714286,32.8998,14.8125,0,90.0889,15.71
651726,L35n2160TNG,99,2.22045e-16,55734,49647,3.4174e+09,2.58539,nan,nan,0.112055,0.128285,0.113062,0.111862,0.140451,0.118368,0.119983,0.015461,0.137106,0.0134415,1,14.4375,-10.2325,0.75,35.1169,14.6719,0.185379,89.7643,9.47
651841,L35n2160TNG,99,2.22045e-16,124668,121678,7.22e+09,1.09062,nan,nan,0.0767742,0.322349,0.0772712,0.0754891,0.310601,0.348612,0.0794002,0.00962346,0.322036,0.00999943,2,13.3125,-25.5197,0.652174,48.6041,14.8031,0.0695269,120.379,1.65149
651953,L35n2160TNG,99,2.22045e-16,93328,86409,5.61274e+09,3.65909,nan,nan,0.218338,0.177897,0.217759,0.219656,0.185715,0.179976,0.222321,0.0113413,0.182083,0.0118966,1,14.8125,26.6484,0.545455,34.9853,14.8125,0,105.106,8.69
652044,L35n2160TNG,99,2.22045e-16,53155,48082,3.18277e+09,2.60697,nan,nan,0.10773,0.13813,0.113018,0.103157,0.128734,0.147006,0.121656,0.016915,0.151318,0.0141934,2,14.8125,-23.3948,0.384615,52.8604,14.8125,0,91.2174,18.83
652157,L35n2160TNG,99,2.22045e-16,69155,60839,4.13947e+09,4.34178,nan,nan,0.121422,0.330207,0.116119,0.126067,0.334257,0.328071,0.134085,0.0111812,0.331447,0.0130209,2,11.0625,16.5858,0.176471,52.677,14.4,0.634183,102.2,19.61
652267,L35n2160TNG,99,2.22045e-16,309803,269690,1.79338e+10,2.98193,nan,nan,0.0819431,0.0627064,0.0868851,0.0797981,0.0669548,0.0602654,0.0837477,0.00603547,0.0676569,0.00500777,1,0,12.9283,0,56.8019,2.80031,4.93724,144.018,7.91
652278,L35n2160TNG,99,2.22045e-16,80926,70874,4.82517e+09,2.87577,nan,nan,0.0730663,0.0854666,0.0727775,0.0745891,0.0840747,0.0873053,0.0890198,0.0132612,0.0967445,0.0128615,1,14.8125,-36.1433,0,59.9463,14.8125,0,110.069,19.61
652371,L35n2160TNG,99,2.22045e-16,100787,90591,6.08974e+09,2.86251,nan,nan,0.193221,0.0763494,0.194468,0.192572,0.0764201,0.0765564,0.194089,0.0101439,0.0828867,0.0102285,1,14.8125,-14.1498,0.6,33.9344,14.8125,0,106.635,11.03
652446,L35n2160TNG,99,2.22045e-16,61252,57378,3.71461e+09,3.5355,nan,nan,0.184758,0.187109,0.18886,0.184695,0.189681,0.187229,0.194647,0.0135468,0.193309,0.0141684,2,12.9375,26.6377,0.944444,37.119,14.7225,0.309778,103.793,19.61
652548,L35n2160TNG,99,2.22045e-16,95227,90925,5.6452e+09,1.85585,nan,nan,0.211342,0.144918,0.204104,0.216582,0.148127,0.142313,0.21194,0.0101995,0.147378,0.0105739,1,10.6875,27.6913,0.421053,64.4056,14.7413,0.160813,101.713,5.3779
652656,L35n2160TNG,99,2.22045e-16,95191,84945,5.76667e+09,3.71907,nan,nan,0.105272,0.191917,0.107805,0.104751,0.190752,0.191246,0.111487,0.0109461,0.195052,0.0112034,1,14.8125,-30.7614,0.333333,61.2345,14.8125,0,95.446,11.81
652738,L35n2160TNG,99,2.22045e-16,86930,81160,5.14482e+09,3.58444,nan,nan,0.124037,0.0649365,0.121484,0.125903,0.0669645,0.0625158,0.129452,0.00936617,0.0779217,0.00934728,1,14.8125,-20.5866,0.5,52.2737,14.8125,0,109.412,11.81
653082,L35n2160TNG,99,2.22045e-16,71382,55700,4.27419e+09,1.69877,nan,nan,0.0535089,0.0871773,0.0512529,0.0577424,0.0940758,0.0764028,0.0724434,0.014426,0.098301,0.0133068,2,14.4375,-63.0402,0.62963,61.7662,14.7863,0.0956801,59.2748,2.33262
653223,L35n2160TNG,99,2.22045e-16,83003,79504,4.89204e+09,1.39992,nan,nan,0.144051,0.0281508,0.14253,0.14593,0.0289124,0.0271533,0.149377,0.0164896,0.0463563,0.0129483,1,12.5625,-43.8875,0.571429,49.7602,14.7937,0.110926,99.2128,4.99373
653480,L35n2160TNG,99,2.22045e-16,94006,92256,5.54884e+09,1.17141,nan,nan,0.131196,0.0886938,0.127267,0.137489,0.0858819,0.0933303,0.133359,0.0125253,0.0926292,0.0120772,3,14.8125,7.7527,0.357143,47.8891,14.8106,0.0264501,101.04,1.74198
653770,L35n2160TNG,99,2.22045e-16,108593,101717,6.36823e+09,1.29686,nan,nan,0.125903,0.0455686,0.119875,0.136985,0.044344,0.0479414,0.127975,0.0113329,0.051887,0.00990815,2,14.8125,36.5839,0.666667,57.4381,14.8125,0,99.5025,2.27748
653859,L35n2160TNG,99,2.22045e-16,64205,56604,3.8123e+09,2.20301,nan,nan,0.0863249,0.0825256,0.0853815,0.0871847,0.081688,0.0837816,0.100085,0.0152985,0.094152,0.0155385,2,2.0625,-28.5082,0.6,49.6409,14.6625,0.304651,94.9721,15.9116
653958,L35n2160TNG,99,2.22045e-16,72050,63393,4.30943e+09,2.45111,nan,nan,0.0707713,0.136145,0.0728278,0.0683777,0.13444,0.136825,0.0846873,0.0152178,0.145612,0.0140487,1,2.8125,7.06442,0.5625,47.8049,14.7319,0.1754,88.2004,10.0545
654098,L35n2160TNG,99,2.22045e-16,97747,90734,5.82522e+09,1.50967,nan,nan,0.0427854,0.0457072,0.0440718,0.042415,0.0450617,0.0457504,0.0503779,0.00951696,0.0527836,0.00959713,2,13.3125,28.8611,0.611111,40.4591,14.805,0.0525,104.398,3.97321
654160,L35n2160TNG,99,2.22045e-16,73075,68855,4.34585e+09,2.52392,nan,nan,0.0969293,0.0831364,0.0978789,0.0961797,0.085046,0.0806589,0.109277,0.0153819,0.096207,0.0137992,2,14.8125,2.36162,0.307692,54.1787,14.7281,0.173627,111.848,18.83
654239,L35n2160TNG,99,2.22045e-16,138338,130610,8.17958e+09,3.21173,nan,nan,0.0875035,0.169974,0.0892888,0.0866798,0.177825,0.165756,0.0935924,0.0100628,0.172926,0.00976737,1,8.0625,8.0728,0.75,64.9197,8.20312,1.02041,114.109,18.05
654298,L35n2160TNG,99,2.22045e-16,120402,106878,7.03314e+09,1.34732,nan,nan,0.0291644,0.0930185,0.030079,0.0275335,0.0972657,0.0869115,0.0387427,0.00853049,0.0971113,0.011244,2,14.8125,-65.6944,1,10.8605,14.8125,0,70.636,2.35014
654391,L35n2160TNG,99,2.22045e-16,76604,69974,4.55796e+09,1.42424,nan,nan,0.263857,0.0675624,0.266506,0.260963,0.0674766,0.0676483,0.265301,0.0132357,0.0716539,0.0125303,1,14.8125,-45.7569,0.5,60.299,14.8069,0.0455822,83.7372,2.46091
654481,L35n2160TNG,99,2.22045e-16,53204,49597,3.19039e+09,1.33208,nan,nan,0.0676671,0.0653392,0.0681994,0.0677442,0.0689319,0.0605116,0.0770536,0.0132297,0.0765802,0.0132453,2,14.8125,-28.7066,1,23.8457,14.8106,0.0264501,75.7675,1.92193
654622,L35n2160TNG,99,2.22045e-16,113562,108039,6.67256e+09,2.02481,nan,nan,0.0935078,0.0771214,0.0961123,0.0879742,0.0753889,0.0806004,0.100123,0.0138261,0.0877748,0.0133152,1,14.8125,-0.824755,0.285714,57.3786,14.7844,0.190983,115.445,7.09337
655047,L35n2160TNG,99,2.22045e-16,61107,51923,3.65228e+09,2.57402,nan,nan,0.135147,0.0464798,0.131282,0.137269,0.0439804,0.0485415,0.147837,0.0169442,0.078393,0.0147171,2,14.8125,-66.6011,0.882353,37.4683,14.8125,0,98.0019,15.71
655147,L35n2160TNG,99,2.22045e-16,83208,73632,4.95558e+09,2.48325,nan,nan,0.159222,0.0750278,0.157647,0.160215,0.0777472,0.0720573,0.162564,0.011968,0.0876706,0.0111932,1,13.6875,4.99836,0.0714286,61.6372,14.6288,0.27039,90.5729,14.8308
655215,L35n2160TNG,99,2.22045e-16,105185,93802,6.39325e+09,1.42401,nan,nan,0.0928176,0.154238,0.0954802,0.0916339,0.155206,0.153977,0.0939855,0.010849,0.156094,0.0100918,2,14.8125,-2.22074,0.142857,62.3913,14.7994,0.0784593,89.9075,4.639
655323,L35n2160TNG,99,2.22045e-16,98855,91857,6.01746e+09,2.42033,nan,nan,0.376292,0.19172,0.386107,0.370356,0.192595,0.19116,0.376748,0.00898849,0.193752,0.00931406,1,13.3125,-9.57161,0.727273,36.7854,14.6381,0.401928,89.0152,4.64978
655424,L35n2160TNG,99,2.22045e-16,65595,62074,4.00574e+09,4.12844,nan,nan,0.20718,0.187351,0.227731,0.202522,0.197863,0.187972,0.21448,0.0104573,0.194278,0.01011,1,14.8125,3.62716,0.526316,41.1529,14.8125,0,94.914,13.37
655522,L35n2160TNG,99,2.22045e-16,118749,115387,7.07074e+09,1.50278,nan,nan,0.0366269,0.154051,0.0370286,0.0362284,0.159585,0.149439,0.0426596,0.0077156,0.155068,0.00854334,2,14.0625,-17.2879,0.230769,54.112,14.7788,0.113681,117.371,4.87844
655664,L35n2160TNG,99,2.22045e-16,106456,98984,6.55546e+09,5.14607,nan,nan,0.259958,0.206912,0.257209,0.260599,0.206475,0.206681,0.260464,0.00834497,0.209841,0.00926623,1,11.0625,-13.1557,0.375,53.7071,14.6438,0.501365,109.527,14.15
655738,L35n2160TNG,99,2.22045e-16,131290,116748,7.77621e+09,2.86085,nan,nan,0.10665,0.108406,0.11177,0.103991,0.107094,0.109261,0.109915,0.00816671,0.111457,0.00753024,1,12.5625,-26.9872,0,64.731,13.0716,1.72055,88.2853,6.35
655829,L35n2160TNG,99,2.22045e-16,57859,53631,3.44876e+09,1.34635,nan,nan,0.0705475,0.0624053,0.0706028,0.0702779,0.0607934,0.0641676,0.0771378,0.0121269,0.0688655,0.0122784,2,14.8125,23.1886,0.952381,35.0101,14.7863,0.0956801,78.5508,2.34875
656142,L35n2160TNG,99,2.22045e-16,116739,100645,6.8333e+09,1.67905,nan,nan,0.103446,0.0634706,0.109674,0.0937361,0.0591619,0.0709704,0.110007,0.0141049,0.0754454,0.0116319,2,14.8125,1.80892,0.44,46.0325,14.8125,0,104.723,2.31054
656208,L35n2160TNG,99,2.22045e-16,59343,56426,3.55945e+09,3.30438,nan,nan,0.0920792,0.0885099,0.0945942,0.0922204,0.0904126,0.0889495,0.109379,0.0139189,0.105881,0.015296,1,14.8125,24.3355,0,75.4835,14.6662,0.275031,103.283,12.59
656365,L35n2160TNG,99,2.22045e-16,122707,118435,7.16746e+09,1.17366,nan,nan,0.0904759,0.372816,0.0890187,0.092811,0.35822,0.3965,0.0912737,0.00973851,0.374032,0.00946095,2,12.9375,5.50952,0.142857,52.0297,14.7956,0.077739,112.701,2.81122
656524,L35n2160TNG,99,2.22045e-16,135403,130727,8.04456e+09,3.50728,nan,nan,0.102765,0.0826579,0.106842,0.102585,0.086674,0.0823926,0.108241,0.00843797,0.0891887,0.0077166,1,14.8125,4.41893,0,48.3105,14.8125,0,106.203,11.03
656741,L35n2160TNG,99,2.22045e-16,105034,97609,6.29602e+09,2.2118,nan,nan,0.0906539,0.171149,0.0857832,0.0933734,0.17577,0.169457,0.0960839,0.00889046,0.172253,0.00899758,1,11.8125,-5.71056,0.272727,49.1102,14.6569,0.240928,111.391,5.65832
656861,L35n2160TNG,99,2.22045e-16,72803,67461,4.26629e+09,1.37522,nan,nan,0.0831616,0.0811751,0.0812288,0.0857313,0.0812195,0.0812622,0.0905645,0.0168693,0.0882613,0.0152441,2,14.8125,-54.3634,0.962963,32.112,14.8069,0.0590253,72.7281,1.97025
657139,L35n2160TNG,99,2.22045e-16,139240,133080,8.32092e+09,1.98699,nan,nan,0.0678838,0.107172,0.0699248,0.0661332,0.113605,0.104441,0.0725786,0.00718474,0.109283,0.0080716,1,14.8125,-4.76124,0.2,42.9442,14.7881,0.106579,117.793,6.35045
657228,L35n2160TNG,99,2.22045e-16,81412,71307,4.81078e+09,2.44889,nan,nan,0.104225,0.0734437,0.109882,0.100848,0.0724128,0.073981,0.116638,0.0149055,0.0884241,0.0133562,1,13.6875,27.8778,0,69.3358,13.7625,0.283119,97.4275,18.4457
657308,L35n2160TNG,99,2.22045e-16,69182,64481,4.11365e+09,2.44571,nan,nan,0.138703,0.19574,0.141819,0.136198,0.197012,0.195431,0.14338,0.0150861,0.197678,0.0139409,1,14.8125,-26.3693,0.705882,43.1673,14.8012,0.0741514,106.666,15.3712
657380,L35n2160TNG,99,2.22045e-16,78823,72690,4.74637e+09,3.87976,nan,nan,0.131768,0.0683837,0.127517,0.135222,0.0703065,0.0675693,0.13901,0.0115463,0.0798725,0.01037,1,14.8125,-19.0068,0,57.9801,14.7338,0.152741,103.589,12.59
657492,L35n2160TNG,99,2.22045e-16,100515,96987,5.87327e+09,3.40949,nan,nan,0.107423,0.121092,0.110029,0.105839,0.129691,0.116534,0.112438,0.00915186,0.126594,0.00957638,2,14.8125,-40.8893,0.571429,61.8622,14.7413,0.147113,106.124,16.49
657568,L35n2160TNG,99,2.22045e-16,71469,67479,4.3573e+09,2.70362,nan,nan,0.366953,0.225462,0.374156,0.358938,0.238796,0.21072,0.368062,0.0118129,0.229122,0.00990029,1,9.1875,28.1481,0.0909091,81.0748,14.7975,0.0906228,90.8243,7.91
657671,L35n2160TNG,99,2.22045e-16,100232,91370,5.99017e+09,3.95525,nan,nan,0.202449,0.203436,0.200968,0.201865,0.214729,0.210771,0.204382,0.0118303,0.210261,0.0103809,1,9.1875,3.95101,0.625,38.6799,11.7806,0.787301,112.628,12.59
657721,L35n2160TNG,99,2.22045e-16,102958,90726,6.11128e+09,3.97253,nan,nan,0.16097,0.0532894,0.165239,0.159187,0.0525628,0.0539651,0.163751,0.00857094,0.0635209,0.00760354,1,14.8125,-13.782,0.545455,46.7504,14.8125,0,93.5151,12.59
657779,L35n2160TNG,99,2.22045e-16,84707,77775,5.16775e+09,3.7944,nan,nan,0.14922,0.220189,0.152452,0.146108,0.220742,0.219339,0.153455,0.00933092,0.223434,0.010284,1,7.6875,28.9612,0.1,48.8329,13.9069,1.71571,98.6897,10.25
657979,L35n2160TNG,99,2.22045e-16,132808,125200,7.8063e+09,2.20227,nan,nan,0.0638283,0.110289,0.0652056,0.0641378,0.111022,0.11075,0.0685207,0.00758231,0.111826,0.0075013,1,14.8125,1.88101,0.25,56.4964,14.79,0.110227,112.986,6.32018
658057,L35n2160TNG,99,2.22045e-16,92453,87889,5.49371e+09,1.55303,nan,nan,0.124026,0.0574435,0.123574,0.124428,0.0577944,0.0568006,0.125605,0.0114075,0.0634587,0.0106285,1,14.8125,-35.4147,0.75,51.6713,14.805,0.0525,100.855,3.12333
658180,L35n2160TNG,99,2.22045e-16,155535,147735,9.20665e+09,3.48705,nan,nan,0.10985,0.0944061,0.110345,0.109806,0.0941082,0.0945616,0.112287,0.00806242,0.0981898,0.00757484,1,14.8125,-24.9507,0,43.7459,12.1322,4.98443,117.679,11.81
658252,L35n2160TNG,99,2.22045e-16,122264,118078,7.0683e+09,1.23994,nan,nan,0.065554,0.988615,0.0644914,0.0670065,0.980344,0.998951,0.0658629,0.0113613,0.988521,0.00935075,2,5.8125,-5.09054,0.655172,43.5786,14.7956,0.077739,103.464,5.20976
658592,L35n2160TNG,99,2.22045e-16,146520,131816,8.65062e+09,2.70958,nan,nan,0.0783208,0.0853371,0.076766,0.0792297,0.087378,0.0830777,0.0838621,0.00836915,0.0904982,0.00858864,1,14.8125,19.1149,0,79.4808,14.8012,0.0639702,118.897,14.15
658618,L35n2160TNG,99,2.22045e-16,117226,108829,6.99036e+09,1.51813,nan,nan,0.0723154,0.163389,0.0730861,0.0709429,0.161148,0.166162,0.0755976,0.00946219,0.16456,0.00934086,2,14.0625,0.625903,0.45,40.4474,14.7225,0.209598,100.715,3.0619
658721,L35n2160TNG,99,2.22045e-16,57916,52197,3.43739e+09,2.69409,nan,nan,0.0925831,0.0883203,0.0887601,0.0943495,0.0956531,0.0829434,0.109599,0.0143863,0.108542,0.0146859,2,14.8125,18.7554,0.153846,55.8371,14.8087,0.037312,94.8373,18.05
658809,L35n2160TNG,99,2.22045e-16,93483,81431,5.54206e+09,3.42166,nan,nan,0.154802,0.0948367,0.144469,0.155546,0.0999781,0.095817,0.162686,0.0118875,0.108959,0.0114793,1,4.3125,21.4064,1,36.2066,14.7919,0.100606,102.633,17.27
658885,L35n2160TNG,99,2.22045e-16,100376,91062,5.95238e+09,2.26146,nan,nan,0.0540269,0.191676,0.0539512,0.0541541,0.201372,0.188824,0.0620574,0.00968051,0.193546,0.0101807,1,14.8125,-19.879,0.25,44.9838,14.7037,0.207406,103.62,6.48118
658990,L35n2160TNG,99,2.22045e-16,98769,93414,5.97404e+09,2.99835,nan,nan,0.189139,0.162604,0.190124,0.188197,0.169342,0.156588,0.189897,0.00982617,0.165325,0.0089426,1,14.8125,13.3091,0.416667,65.8704,14.8012,0.0639702,106.922,9.47
659087,L35n2160TNG,99,2.22045e-16,89410,81480,5.26726e+09,3.66369,nan,nan,0.134508,0.103882,0.138529,0.133381,0.0992117,0.10515,0.140353,0.00941324,0.111917,0.0103135,1,12.9375,-9.7493,0.333333,39.347,14.3475,0.300562,92.9187,11.81
659186,L35n2160TNG,99,2.22045e-16,79767,72622,4.83033e+09,3.85683,nan,nan,0.143219,0.248883,0.144923,0.142958,0.265441,0.255513,0.149437,0.0112235,0.253296,0.010797,2,11.0625,27.0248,0.590909,37.8373,14.6212,0.218629,99.3271,12.59
659261,L35n2160TNG,99,2.22045e-16,87465,82740,5.18246e+09,2.37823,nan,nan,0.149292,0.0893812,0.149164,0.149163,0.0928808,0.0856056,0.155063,0.0148192,0.0981082,0.0137342,1,13.6875,-21.2447,0.333333,61.0622,14.8087,0.037312,98.8583,9.76293
659429,L35n2160TNG,99,2.22045e-16,67620,63662,4.11211e+09,3.75713,nan,nan,0.194267,0.178743,0.207892,0.191267,0.177345,0.176194,0.198487,0.0109163,0.181965,0.0110372,1,14.0625,35.4686,0.6,55.7972,14.4563,0.351281,100.122,9.47
659512,L35n2160TNG,99,2.22045e-16,99851,92037,6.08214e+09,4.46196,nan,nan,0.238666,0.17953,0.243046,0.238436,0.182926,0.178459,0.240852,0.00901033,0.18256,0.00971901,1,14.8125,21.7154,0.928571,32.469,14.7431,0.163792,101.832,11.81
659605,L35n2160TNG,99,2.22045e-16,93751,90235,5.59638e+09,2.17911,nan,nan,0.07721,0.141022,0.0817066,0.0751365,0.143987,0.139542,0.0819769,0.00819784,0.142577,0.00858536,1,14.8125,-48.653,1,56.2925,14.8125,0,98.3067,6.9345
659710,L35n2160TNG,99,2.22045e-16,56414,50637,3.40718e+09,4.16374,nan,nan,0.157336,0.285488,0.153318,0.156466,0.291927,0.287064,0.165543,0.0128076,0.290143,0.0129576,1,6.1875,-15.4506,0.428571,54.2135,14.5013,0.602468,92.0116,15.71
659936,L35n2160TNG,99,2.22045e-16,67386,63430,4.02184e+09,2.12025,nan,nan,0.0662184,0.07448,0.067149,0.0646909,0.0740553,0.075283,0.0809685,0.0140993,0.0865478,0.0153265,2,14.8125,13.5731,0.526316,44.2554,14.8125,0,97.1185,13.9988
660010,L35n2160TNG,99,2.22045e-16,66321,63767,3.87571e+09,1.61132,nan,nan,0.190301,0.0695953,0.183535,0.194946,0.0685811,0.0715502,0.192184,0.0128557,0.0776021,0.0102785,1,14.0625,-18.4143,0.470588,52.0813,14.7675,0.121861,94.8689,5.70403
660112,L35n2160TNG,99,2.22045e-16,95137,89766,5.69277e+09,1.34132,nan,nan,0.0909739,0.144769,0.0891265,0.0913541,0.142834,0.145674,0.0929082,0.00993592,0.14606,0.00931581,2,14.4375,23.8655,0.24,51.1875,14.8031,0.0585469,107.625,4.79683
660178,L35n2160TNG,99,2.22045e-16,54265,45880,3.21371e+09,1.72106,nan,nan,0.0797658,0.0932986,0.0838784,0.0738922,0.0924173,0.0940554,0.101456,0.0175732,0.111588,0.0198218,2,14.8125,3.23408,0.777778,34.4982,14.8125,0,20.1012,5.54201
660428,L35n2160TNG,99,2.22045e-16,54293,50003,3.29105e+09,1.52295,nan,nan,0.0790114,0.085831,0.0831245,0.0768661,0.0830792,0.0873503,0.0869572,0.0136847,0.0905311,0.0146244,1,14.8125,-39.6537,0.173913,62.6251,14.7413,0.147113,71.1181,4.00508
660564,L35n2160TNG,99,2.22045e-16,72929,69702,4.31388e+09,1.21567,nan,nan,0.0894171,0.0441008,0.0890151,0.0901045,0.04642,0.0397996,0.0938493,0.0150089,0.0532756,0.0125501,2,14.8125,-3.4623,0.954545,36.4673,14.8125,0,78.2111,3.63662
660841,L35n2160TNG,99,2.22045e-16,66602,60395,3.98022e+09,2.93404,nan,nan,0.125726,0.136986,0.136555,0.127702,0.131617,0.135776,0.138271,0.0129142,0.149521,0.0146552,2,14.8125,24.8744,0.6,37.8596,14.8106,0.0264501,99.0734,9.47
661077,L35n2160TNG,99,2.22045e-16,96244,88302,5.69943e+09,3.87485,nan,nan,0.161035,0.076691,0.168992,0.160089,0.0825386,0.0744299,0.168921,0.0101377,0.0876392,0.00861331,1,14.8125,38.976,0.333333,60.03,14.8125,0,95.0441,19.61
661150,L35n2160TNG,99,2.22045e-16,61196,57412,3.78415e+09,2.99581,nan,nan,0.143422,0.193132,0.14286,0.144461,0.20275,0.18471,0.149314,0.0127734,0.197333,0.012879,1,14.4375,-26.1451,0.666667,55.2069,14.8125,0,98.0599,7.91
661344,L35n2160TNG,99,2.22045e-16,54384,49128,3.27197e+09,2.17756,nan,nan,0.0555087,0.108792,0.0564821,0.0538489,0.105865,0.112653,0.0745753,0.0143231,0.120698,0.0141718,2,14.8125,-44.7647,0.2,39.7241,14.8125,0,88.2845,10.9907
661449,L35n2160TNG,99,2.22045e-16,86659,79710,5.21136e+09,4.17638,nan,nan,0.325547,0.210792,0.32256,0.329093,0.211963,0.210736,0.327111,0.00889603,0.213545,0.00974547,1,14.8125,-23.1282,0.285714,50.5393,14.8125,0,99.3366,12.59
661532,L35n2160TNG,99,2.22045e-16,54079,38921,3.23855e+09,2.04012,nan,nan,0.498449,0.803016,0.502329,0.49263,0.804407,0.80084,0.499023,0.0217958,0.803219,0.0146376,2,2.0625,76.2823,0.717949,72.1232,14.8125,0,56.7676,9.67618
661599,L35n2160TNG,99,2.22045e-16,52856,49791,3.1813e+09,2.26518,nan,nan,0.10547,0.0923006,0.105446,0.104422,0.0899789,0.0929021,0.117913,0.0155397,0.105802,0.0151181,1,14.8125,-1.98435,0.5,49.5276,14.805,0.0525,81.6201,6.4913
661753,L35n2160TNG,99,2.22045e-16,51546,45980,3.16378e+09,1.5585,nan,nan,0.174233,0.187024,0.171838,0.175926,0.196822,0.179904,0.177424,0.0137949,0.18936,0.0139015,1,14.8125,-14.4843,0.352941,55.1641,14.8106,0.0264501,71.0595,3.13296
661934,L35n2160TNG,99,2.22045e-16,88759,66337,5.24318e+09,1.75509,nan,nan,0.110489,0.13506,0.112796,0.106522,0.148518,0.11196,0.116235,0.0135906,0.14297,0.0143494,2,14.8125,63.8701,0.580645,85.4227,14.8125,0,52.4737,4.56221
662101,L35n2160TNG,99,2.22045e-16,58182,54157,3.5488e+09,3.3725,nan,nan,0.206223,0.12527,0.21024,0.209255,0.125473,0.125223,0.214043,0.0134017,0.135246,0.0137254,1,10.6875,0.282495,0.6,36.4011,14.3344,0.723213,84.1527,8.69
662197,L35n2160TNG,99,2.22045e-16,71284,64915,4.33576e+09,4.5873,nan,nan,0.078028,0.192618,0.0817956,0.078106,0.196251,0.194195,0.0898823,0.00884498,0.196821,0.00971992,2,14.8125,37.4748,0.466667,44.7973,14.8125,0,93.6891,11.81
662307,L35n2160TNG,99,2.22045e-16,72211,63037,4.40639e+09,3.15465,nan,nan,0.221482,0.19615,0.224228,0.220303,0.198486,0.195327,0.224255,0.0143675,0.202279,0.0140333,2,14.8125,0.329739,0.681818,38.3333,14.8125,0,100.125,17.27
662515,L35n2160TNG,99,2.22045e-16,120742,117924,7.16005e+09,1.62095,nan,nan,0.0453372,0.0563159,0.0510331,0.0424501,0.0592149,0.0548435,0.0526234,0.00801143,0.059263,0.00732818,1,14.0625,-13.812,0.133333,65.1987,14.7919,0.100606,120.017,5.73641
662591,L35n2160TNG,99,2.22045e-16,96554,93943,5.71682e+09,1.93715,nan,nan,0.114072,0.0667375,0.113996,0.113368,0.0683466,0.063896,0.118152,0.0118536,0.0760769,0.011858,1,13.3125,-3.60424,0.6,39.255,14.7319,0.154058,110.578,6.79883
662714,L35n2160TNG,99,2.22045e-16,86917,81759,5.10598e+09,1.20938,nan,nan,0.0727945,0.100908,0.0721809,0.0732612,0.102267,0.0998516,0.0767358,0.0129778,0.10331,0.0113927,2,12.9375,-26.9971,0.05,61.0315,14.7675,0.13809,99.3652,2.88551
662813,L35n2160TNG,99,2.22045e-16,105195,99115,6.27976e+09,3.10624,nan,nan,0.140799,0.115635,0.146858,0.136852,0.117032,0.114077,0.14234,0.00780544,0.119743,0.00843549,1,14.4375,8.50597,0.25,60.5454,14.4619,0.280818,96.9486,7.13
663172,L35n2160TNG,99,2.22045e-16,108450,103871,6.5576e+09,3.56915,nan,nan,0.158141,0.109192,0.170039,0.145834,0.112935,0.111031,0.160582,0.00701376,0.113056,0.00728347,1,14.0625,-45.619,0.5,62.0928,14.6175,0.384187,110.538,7.13
663231,L35n2160TNG,99,2.22045e-16,54947,52446,3.28054e+09,2.46967,nan,nan,0.295936,0.0834423,0.287117,0.306592,0.0868376,0.0795604,0.29951,0.0158671,0.0980448,0.0147197,1,14.8125,-52.5773,0.882353,37.3794,14.8125,0,94.253,12.4396
663308,L35n2160TNG,99,2.22045e-16,85710,81531,5.06192e+09,1.82172,nan,nan,0.328143,0.0787748,0.326455,0.329544,0.0727566,0.0832105,0.328809,0.0101054,0.0838287,0.00922556,1,14.4375,24.5742,0.176471,53.6422,14.7637,0.131571,83.1928,6.41097
663512,L35n2160TNG,99,2.22045e-16,107914,100261,6.2378e+09,3.11844,nan,nan,0.12146,0.0545937,0.12496,0.119793,0.0547318,0.054571,0.126838,0.00911896,0.0641048,0.00852206,1,14.8125,31.3626,0,56.9531,14.8125,0,111.443,10.25
663647,L35n2160TNG,99,2.22045e-16,102628,100600,6.01263e+09,1.81778,nan,nan,0.216707,0.196759,0.21068,0.227732,0.191974,0.206367,0.216787,0.0121014,0.198439,0.0120215,2,14.8125,37.7301,0.678571,36.694,14.8106,0.0264501,115.951,8.64449
663744,L35n2160TNG,99,2.22045e-16,87402,83733,5.17683e+09,2.2327,nan,nan,0.164285,0.0584017,0.163554,0.16342,0.0571173,0.0591135,0.169935,0.0153848,0.0724891,0.0126085,1,11.4375,-3.29921,1,48.1086,13.0181,1.00894,114.779,11.9587
663812,L35n2160TNG,99,2.22045e-16,109324,101214,6.38801e+09,2.01385,nan,nan,0.348106,0.0671102,0.345078,0.350396,0.0636698,0.069889,0.349776,0.0110334,0.073204,0.0106248,1,14.8125,-45.6425,0.444444,48.6992,14.8125,0,93.4456,15.1742
663875,L35n2160TNG,99,2.22045e-16,102656,98614,6.03799e+09,3.14292,nan,nan,0.14612,0.0765657,0.149912,0.143837,0.0769302,0.0765993,0.14858,0.00976389,0.0833525,0.00811413,1,1.3125,24.872,1,44.9817,14.0738,1.56151,108.315,7.13
663964,L35n2160TNG,99,2.22045e-16,68420,63859,4.05669e+09,4.09527,nan,nan,0.0705812,0.147116,0.0716058,0.0714371,0.15969,0.144927,0.0870865,0.00966777,0.156387,0.0105566,2,11.4375,-10.6411,0.368421,44.4377,14.7769,0.109956,101.362,19.61
664159,L35n2160TNG,99,2.22045e-16,137695,133678,7.98977e+09,1.53714,nan,nan,0.0416646,0.521259,0.0426603,0.0396509,0.512057,0.539166,0.0467089,0.0088369,0.521366,0.00899359,2,5.8125,50.3305,0.391304,55.6249,14.6906,0.19821,108.561,4.9829
664263,L35n2160TNG,99,2.22045e-16,136226,134087,7.97117e+09,1.50779,nan,nan,0.108573,0.0956547,0.110796,0.105857,0.0979713,0.0931127,0.111331,0.0112355,0.0983266,0.0108267,1,13.3125,2.20489,0.363636,49.7896,14.7975,0.0734847,137.808,3.50621
664314,L35n2160TNG,99,2.22045e-16,91683,84197,5.46698e+09,3.30775,nan,nan,0.278776,0.0565068,0.287763,0.28182,0.0583589,0.0561121,0.281384,0.00975337,0.0665059,0.00868347,1,14.8125,2.07993,1,33.4466,14.8031,0.0695269,106.853,7.91
664387,L35n2160TNG,99,2.22045e-16,81647,79389,4.90222e+09,1.1999,nan,nan,0.0739012,0.0411717,0.0713603,0.0741701,0.0410932,0.0412458,0.076611,0.010198,0.0463282,0.0105522,3,12.5625,2.54546,0.307692,50.9344,14.385,0.13012,105.723,3.95771
664498,L35n2160TNG,99,2.22045e-16,96221,88488,5.7708e+09,3.12437,nan,nan,0.095441,0.11884,0.0911656,0.0974138,0.125772,0.115649,0.104576,0.0102579,0.123473,0.0105097,2,14.8125,-11.245,0.0833333,53.6741,14.8125,0,111.287,14.93
664572,L35n2160TNG,99,2.22045e-16,76627,72045,4.48565e+09,1.14476,nan,nan,0.157815,0.120216,0.15869,0.156279,0.114378,0.131419,0.158559,0.0117806,0.122166,0.011155,2,14.4375,-24.982,0.2,56.2029,14.7637,0.126114,83.5605,1.71214
664828,L35n2160TNG,99,2.22045e-16,100809,96577,5.88451e+09,1.97811,nan,nan,0.185875,0.0462111,0.183961,0.189201,0.0445636,0.0493749,0.189621,0.0141613,0.0600838,0.0113581,1,13.6875,47.6152,0.625,56.9334,14.6175,0.328976,114.291,10.6144
664927,L35n2160TNG,99,2.22045e-16,61001,57960,3.70374e+09,1.84707,nan,nan,0.220672,0.173976,0.220836,0.22075,0.171953,0.176562,0.222189,0.0131929,0.176981,0.0130957,1,14.8125,-15.8561,0.333333,45.6522,14.8069,0.0455822,89.554,7.06721
665049,L35n2160TNG,99,2.22045e-16,53805,50283,3.22637e+09,4.0797,nan,nan,0.163209,0.159311,0.152524,0.156299,0.162807,0.161495,0.174161,0.013039,0.172275,0.0132739,2,14.8125,9.46351,0.0666667,54.6735,14.8106,0.0264501,99.6422,19.61
665447,L35n2160TNG,99,2.22045e-16,100267,96989,5.89146e+09,1.06747,nan,nan,0.048813,0.0452944,0.0527435,0.0479898,0.0406443,0.0462197,0.0528448,0.00775081,0.0499085,0.00762317,1,14.4375,21.3814,0.153846,54.5654,14.79,0.0890576,117.495,2.91192
665506,L35n2160TNG,99,2.22045e-16,72982,65883,4.35778e+09,3.43337,nan,nan,0.106983,0.132375,0.106409,0.108211,0.138842,0.127884,0.112357,0.0100484,0.14037,0.0105979,2,14.8125,-40.1838,0.5,44.962,14.7825,0.108426,92.5242,7.91
665573,L35n2160TNG,99,2.22045e-16,98700,94156,6.00235e+09,1.87847,nan,nan,0.0691985,0.0563748,0.0701517,0.0679036,0.0567562,0.055168,0.0732004,0.0099458,0.0607985,0.00823221,1,8.0625,-2.92822,0.0625,55.5231,14.7413,0.15638,102.974,4.85832
665755,L35n2160TNG,99,2.22045e-16,88492,86225,5.27519e+09,1.52247,nan,nan,0.123942,0.135996,0.124557,0.123408,0.135003,0.137203,0.126543,0.0116527,0.13819,0.0112263,1,14.0625,-7.65791,0.555556,56.7097,14.7937,0.0899218,107.556,4.47111
665976,L35n2160TNG,99,2.22045e-16,106017,101102,6.34183e+09,2.64942,nan,nan,0.241613,0.236245,0.251956,0.239914,0.242696,0.236969,0.243826,0.00817111,0.237049,0.00840735,1,14.8125,24.583,0.266667,53.3927,14.8125,0,109.293,7.13
666127,L35n2160TNG,99,2.22045e-16,58050,56717,3.41711e+09,1.07986,nan,nan,0.0711072,0.0383202,0.0735767,0.0691519,0.0346502,0.0414562,0.0756915,0.0129523,0.0491432,0.0115167,2,14.0625,44.691,0.363636,65.8558,14.8069,0.0455822,88.8908,2.6161
666210,L35n2160TNG,99,2.22045e-16,118569,109493,7.16515e+09,3.8121,nan,nan,0.111053,0.237471,0.113369,0.111415,0.23147,0.236731,0.117632,0.00931287,0.238989,0.0101853,2,7.6875,-7.95597,0.357143,61.4022,14.6625,0.251558,115.887,14.15
666529,L35n2160TNG,99,2.22045e-16,64309,61832,3.85766e+09,1.57183,nan,nan,0.0787606,0.0917275,0.0813479,0.0775597,0.09098,0.0915695,0.0840505,0.0128766,0.0977081,0.0128961,2,14.4375,-0.886949,0.625,41.1031,14.8069,0.0455822,89.365,5.08835
666787,L35n2160TNG,99,2.22045e-16,73300,71419,4.26016e+09,1.144,nan,nan,0.0986486,0.07436,0.102708,0.092711,0.0762434,0.0716055,0.102054,0.014533,0.0793208,0.0152044,2,14.8125,13.5071,0.380952,42.0497,14.7487,0.140862,92.3316,2.40344
666906,L35n2160TNG,99,2.22045e-16,102558,92234,6.19949e+09,2.40559,nan,nan,0.286084,0.114869,0.296228,0.286948,0.119193,0.11436,0.286007,0.0092613,0.116531,0.00898036,1,9.9375,-25.0311,0.411765,51.617,14.6906,0.251383,97.6145,6.87321
666988,L35n2160TNG,99,2.22045e-16,70950,68450,4.20613e+09,2.6195,nan,nan,0.0854694,0.0871634,0.0844678,0.0862997,0.0902268,0.0837407,0.0930429,0.0110522,0.0930782,0.0122424,1,14.8125,-2.60821,0.272727,43.7484,14.8087,0.0529003,102.427,11.81
667192,L35n2160TNG,99,2.22045e-16,95446,90079,5.63593e+09,3.57473,nan,nan,0.110717,0.0768628,0.110936,0.109156,0.0762384,0.0773092,0.115871,0.0101202,0.087556,0.00929233,1,14.8125,-30.8656,0.375,46.9803,14.8125,0,111.151,10.25
667375,L35n2160TNG,99,2.22045e-16,60016,56038,3.58872e+09,1.65928,nan,nan,0.162211,0.0538235,0.156222,0.170118,0.0551724,0.0518505,0.166165,0.0164083,0.0664292,0.0147419,1,13.6875,-0.79837,0.3,53.8172,14.6906,0.224805,89.0971,5.35421
667617,L35n2160TNG,99,2.22045e-16,109352,106519,6.45112e+09,1.07758,nan,nan,0.253186,0.205096,0.251186,0.254733,0.19519,0.211708,0.25393,0.00973611,0.205466,0.00877225,1,12.5625,-17.2116,0.259259,47.6714,14.7956,0.0941056,118.686,2.61136
667669,L35n2160TNG,99,2.22045e-16,65874,61632,3.88801e+09,3.38405,nan,nan,0.143731,0.116814,0.137703,0.145774,0.119549,0.115693,0.149573,0.012797,0.124843,0.0130612,1,14.8125,45.2624,0.894737,49.6028,14.8125,0,88.0902,9.47
667858,L35n2160TNG,99,2.22045e-16,72249,70886,4.37791e+09,1.67468,nan,nan,0.149082,0.0793696,0.147446,0.149085,0.0798292,0.0792742,0.150395,0.0107558,0.0828055,0.0106918,1,13.6875,18.609,0.047619,60.7705,14.7637,0.15602,99.5121,4.88513
667951,L35n2160TNG,99,2.22045e-16,79055,71174,4.71871e+09,1.95445,nan,nan,0.0963104,0.06206,0.0941967,0.0978747,0.0677395,0.0578294,0.100648,0.0138527,0.0748833,0.0119756,2,14.4375,-0.562724,0,71.34,14.6888,0.184132,89.5269,4.43527
668150,L35n2160TNG,99,2.22045e-16,79953,77775,4.86656e+09,1.79748,nan,nan,0.0605846,0.093226,0.0620439,0.0612368,0.0910524,0.093105,0.0670983,0.00949595,0.0957698,0.00966457,2,14.8125,-37.552,0.357143,45.8016,14.8106,0.0264501,105.729,5.21914
668367,L35n2160TNG,99,2.22045e-16,68802,67044,4.05971e+09,3.68051,nan,nan,0.113419,0.106153,0.112509,0.115819,0.107835,0.107337,0.118498,0.00970874,0.113494,0.0103064,1,14.8125,0.862015,0.333333,39.933,14.715,0.52129,111.758,16.49
668416,L35n2160TNG,99,2.22045e-16,57228,52002,3.41601e+09,3.15296,nan,nan,0.215908,0.12725,0.230867,0.207054,0.124854,0.128205,0.220261,0.0138307,0.136448,0.0144387,1,14.8125,1.18163,0,46.6299,14.6587,0.348145,99.3029,14.15
668581,L35n2160TNG,99,2.22045e-16,93387,88672,5.37254e+09,1.73069,nan,nan,0.950767,0.300349,0.949981,0.951601,0.301688,0.300009,0.952082,0.00662987,0.30231,0.00810463,1,14.8125,8.44954,0.909091,23.6805,14.8106,0.0264501,94.9931,7.17275
668632,L35n2160TNG,99,2.22045e-16,117793,114355,6.82942e+09,1.09546,nan,nan,0.0970876,0.500826,0.0986154,0.0960881,0.488828,0.507017,0.0985947,0.00912862,0.501957,0.0080224,2,14.8125,-30.7041,0.08,63.736,14.7975,0.0825,109.431,2.64856
668896,L35n2160TNG,99,2.22045e-16,110689,107226,6.58494e+09,1.4448,nan,nan,0.0710662,0.0575953,0.0769016,0.0678826,0.0573136,0.0574532,0.0740135,0.00808923,0.0617542,0.0083848,1,13.3125,-5.35535,0.277778,48.7996,14.8012,0.0639702,116.975,4.7022
669179,L35n2160TNG,99,2.22045e-16,69933,66859,4.18429e+09,3.39406,nan,nan,0.104264,0.209268,0.111248,0.093876,0.221232,0.195183,0.110487,0.00993678,0.211724,0.0104636,2,11.0625,-43.8335,0.75,41.5765,14.8012,0.0639702,95.5065,7.91
669274,L35n2160TNG,99,2.22045e-16,114683,109811,6.86542e+09,1.49326,nan,nan,0.102482,0.0941814,0.101553,0.102646,0.0885329,0.0951967,0.10443,0.00869461,0.0958352,0.00824735,2,14.8125,19.8915,0.272727,52.9198,14.8125,0,109.065,5.30735
669341,L35n2160TNG,99,2.22045e-16,79788,71317,4.7825e+09,2.08691,nan,nan,0.110853,0.0927683,0.115737,0.10982,0.0999898,0.0910094,0.11376,0.0108292,0.098557,0.0100503,1,12.1875,-32.0821,0.4,52.2727,14.7525,0.156605,100.041,6.6542
669663,L35n2160TNG,99,2.22045e-16,72134,69101,4.19771e+09,1.18661,nan,nan,0.0698097,0.0468493,0.0711235,0.0672188,0.0460798,0.0480861,0.0740632,0.0138632,0.0556847,0.0128194,3,14.8125,-12.2623,0.375,47.9143,14.7956,0.077739,64.9414,1.759
670355,L35n2160TNG,99,2.22045e-16,62122,60980,3.71067e+09,1.14652,nan,nan,0.0801607,0.255422,0.0815752,0.079199,0.253793,0.257542,0.0831712,0.0148921,0.256039,0.0146332,2,12.9375,-18.8442,0.25,51.0296,14.8106,0.0264501,96.3469,3.44854
670444,L35n2160TNG,99,2.22045e-16,101140,94751,5.911e+09,2.90398,nan,nan,0.090581,0.0787032,0.0949017,0.0869187,0.0813093,0.0763183,0.101835,0.0108726,0.0886521,0.012302,1,0,-26.8725,0,43.4442,12.2728,4.3383,113.921,10.25
670683,L35n2160TNG,99,2.22045e-16,108971,107068,6.41773e+09,2.20927,nan,nan,0.0872532,0.06898,0.0928338,0.0829463,0.0687632,0.0693622,0.0919341,0.00932668,0.0746398,0.00937428,1,14.8125,35.01,0,68.7636,14.8125,0,118.681,5.65226
670767,L35n2160TNG,99,2.22045e-16,68487,65111,4.12533e+09,1.90182,nan,nan,0.293185,0.0523978,0.301268,0.288347,0.0538783,0.0515748,0.295034,0.0136836,0.0645749,0.0122778,1,14.8125,8.35045,0.0909091,43.9225,14.805,0.0525,95.1613,4.91436
670850,L35n2160TNG,99,2.22045e-16,65888,53250,3.9075e+09,1.68495,nan,nan,0.162445,0.148044,0.161127,0.164637,0.150547,0.144104,0.169897,0.0221941,0.155377,0.0189121,2,14.8125,7.29648,1,7.51043,14.8125,0,39.1756,2.83632
671001,L35n2160TNG,99,2.22045e-16,54493,49205,3.29215e+09,1.17315,nan,nan,0.0977562,0.405809,0.103234,0.0915366,0.400888,0.41135,0.106746,0.0134302,0.405637,0.0168936,2,14.8125,-23.7302,0.742857,22.3566,14.6906,0.175641,74.4151,4.23179
671258,L35n2160TNG,99,2.22045e-16,61758,59508,3.62397e+09,2.27921,nan,nan,0.0952103,0.079541,0.100796,0.0940504,0.0786543,0.079821,0.101704,0.0117071,0.0879398,0.0126994,1,14.0625,-13.1467,0,66.8967,14.7581,0.132038,88.8976,5.82009
671343,L35n2160TNG,99,2.22045e-16,98329,86782,5.77483e+09,1.93639,nan,nan,0.0517805,0.0778966,0.0494584,0.0538153,0.0778326,0.0791028,0.0622189,0.0110442,0.083292,0.0104965,2,14.0625,-18.5362,0,62.4382,14.5538,0.30324,83.182,4.3977
671402,L35n2160TNG,99,2.22045e-16,62551,58195,3.72088e+09,3.32267,nan,nan,0.0824003,0.195212,0.0806061,0.082447,0.200743,0.195318,0.0994597,0.0138847,0.200906,0.0152098,1,8.0625,5.86119,0.666667,44.1089,14.5988,0.207134,103.39,17.27
671686,L35n2160TNG,99,2.22045e-16,76828,71901,4.61e+09,2.26076,nan,nan,0.180705,0.145168,0.179505,0.182058,0.150945,0.139953,0.182865,0.0118224,0.148366,0.010358,1,14.0625,-10.2635,0,62.9872,14.76,0.163631,93.8396,14.2172
671746,L35n2160TNG,99,2.22045e-16,59384,53423,3.55478e+09,2.29933,nan,nan,0.0852866,0.0922574,0.0875727,0.083055,0.0860587,0.0995477,0.10383,0.0154285,0.112752,0.0167005,2,14.4375,-16.6147,0,57.6022,14.5838,0.259239,104.574,10.8789
671812,L35n2160TNG,99,2.22045e-16,75068,71570,4.51015e+09,2.28751,nan,nan,0.0348181,0.0851746,0.0359188,0.0341725,0.0860348,0.0844397,0.0481452,0.00921913,0.089488,0.010758,1,13.6875,-23.464,0,71.4253,14.7675,0.152602,98.9177,8.68804
672013,L35n2160TNG,99,2.22045e-16,96577,93376,5.75674e+09,2.871,nan,nan,0.119386,0.0814441,0.128511,0.120311,0.0826745,0.080919,0.126473,0.00968948,0.0906729,0.0097788,2,14.8125,22.8423,0.875,40.2056,14.8125,0,114.068,14.93
672223,L35n2160TNG,99,2.22045e-16,103921,101370,6.21966e+09,3.0642,nan,nan,0.105063,0.0990143,0.102884,0.108011,0.098807,0.0998579,0.111943,0.0100984,0.104938,0.0102779,1,14.0625,-35.7704,0.6875,48.5142,14.8125,0,115.703,7.13
672409,L35n2160TNG,99,2.22045e-16,85193,81234,4.94301e+09,1.10235,nan,nan,0.0560863,0.602032,0.0545195,0.0578678,0.597137,0.606752,0.0578821,0.0103265,0.602554,0.0109739,2,14.0625,19.7218,0.0322581,69.3411,14.8125,0,76.5494,3.3284
672526,L35n2160TNG,99,2.22045e-16,59117,56740,3.47407e+09,2.05768,nan,nan,0.0949285,0.0776869,0.0977774,0.0929913,0.077559,0.0784717,0.105487,0.0157235,0.0931986,0.0151814,1,12.9375,-11.3317,0,61.9921,14.7919,0.0854926,96.1783,6.56536
672664,L35n2160TNG,99,2.22045e-16,67208,63567,4.13067e+09,2.01956,nan,nan,0.146427,0.0677952,0.145164,0.147331,0.063839,0.0682646,0.148765,0.0115498,0.0766666,0.00991241,1,14.8125,17.8965,0.142857,66.1995,14.7731,0.151852,95.0978,5.19695
672765,L35n2160TNG,99,2.22045e-16,60398,58106,3.65525e+09,3.00082,nan,nan,0.116752,0.215129,0.117986,0.115661,0.215522,0.215361,0.121615,0.0113246,0.21789,0.0120102,1,12.5625,-4.15108,0.75,35.9136,14.5856,0.239817,98.0086,7.13
672870,L35n2160TNG,99,2.22045e-16,54394,50975,3.34559e+09,3.17885,nan,nan,0.229611,0.191021,0.23039,0.227819,0.202518,0.176276,0.232097,0.0127636,0.195572,0.0115832,1,14.8125,-24.001,0.6,42.6963,14.8125,0,81.9134,7.13
673249,L35n2160TNG,99,2.22045e-16,53027,52019,3.16663e+09,1.24733,nan,nan,0.120797,0.0631412,0.123263,0.120834,0.0585778,0.0637118,0.122456,0.0113055,0.0728274,0.0120812,1,14.8125,-23.8077,0.2,51.3157,14.7975,0.0734847,92.5822,3.72274
673368,L35n2160TNG,99,2.22045e-16,70816,67930,4.22446e+09,2.88789,nan,nan,0.134307,0.0793084,0.13188,0.133663,0.0822895,0.0791326,0.140875,0.014868,0.0927196,0.0124325,1,14.0625,-6.99628,0.833333,41.8726,14.6981,0.209455,97.8868,8.69
673482,L35n2160TNG,99,2.22045e-16,59576,54083,3.47643e+09,2.308,nan,nan,0.108695,0.0829781,0.119772,0.0907146,0.0830873,0.0830742,0.123851,0.0140532,0.0966196,0.014593,1,14.4375,22.2276,0,50.9021,14.5875,0.259808,44.2838,16.6676
673572,L35n2160TNG,99,2.22045e-16,65490,63240,3.8759e+09,3.45339,nan,nan,0.0854939,0.171453,0.0814511,0.09035,0.168481,0.173687,0.0974434,0.0086862,0.175098,0.0111871,1,14.8125,7.75671,0.428571,49.8968,14.8087,0.037312,93.6577,6.35
673779,L35n2160TNG,99,2.22045e-16,56954,54274,3.36425e+09,2.79443,nan,nan,0.132176,0.195628,0.141972,0.122698,0.208004,0.183268,0.141203,0.0129051,0.200712,0.0146771,2,14.8125,23.9607,0.5,52.6335,14.8125,0,99.4589,14.15
673829,L35n2160TNG,99,2.22045e-16,73905,68739,4.51644e+09,2.33907,nan,nan,0.111049,0.0932994,0.113042,0.111838,0.0976131,0.0947309,0.115672,0.0099915,0.100457,0.0100525,1,14.0625,28.4059,0.2,63.1416,14.7319,0.167191,97.6229,7.42077
673870,L35n2160TNG,99,2.22045e-16,93351,87703,5.57658e+09,1.60468,nan,nan,0.0804001,0.101413,0.0750776,0.0819137,0.101798,0.101219,0.0842638,0.0078757,0.103256,0.0089208,1,13.6875,17.9858,0.384615,56.3271,14.76,0.140512,106.169,5.18824
673933,L35n2160TNG,99,2.22045e-16,80333,76520,4.70269e+09,1.45528,nan,nan,0.0835449,0.169652,0.0868608,0.0781768,0.158121,0.190707,0.0882441,0.0135678,0.172387,0.0140271,2,2.4375,-20.1667,0.6,44.4302,14.7225,0.19928,91.7672,2.5056
674074,L35n2160TNG,99,2.22045e-16,95339,87456,5.7415e+09,4.83939,nan,nan,0.21507,0.257362,0.222032,0.209078,0.246205,0.271764,0.216581,0.00877198,0.260524,0.00842037,1,8.0625,-1.36534,0.5,50.7017,13.2994,1.46364,99.2989,10.25
674132,L35n2160TNG,99,2.22045e-16,68196,64055,4.07344e+09,2.11222,nan,nan,0.0761105,0.110007,0.0789874,0.0732618,0.108471,0.111424,0.0834496,0.0107813,0.112832,0.0118937,2,12.1875,-17.6317,0.684211,49.1909,14.8106,0.0264501,91.5612,6.73115
674223,L35n2160TNG,99,2.22045e-16,90548,84596,5.38961e+09,3.07955,nan,nan,0.256351,0.159123,0.263624,0.251598,0.169792,0.152698,0.258583,0.00796345,0.163568,0.00839313,1,14.8125,38.5015,0.6,59.6371,14.8125,0,91.1633,7.91
674405,L35n2160TNG,99,2.22045e-16,123830,116920,7.41471e+09,2.4685,nan,nan,0.167848,0.0759205,0.179119,0.163927,0.077448,0.0752501,0.168244,0.00864426,0.0800263,0.00787386,2,14.8125,52.4747,0.409091,57.2801,14.8125,0,111.607,5.50448
674549,L35n2160TNG,99,2.22045e-16,67448,61346,4.02474e+09,2.74621,nan,nan,0.0876592,0.161659,0.0851753,0.0896032,0.160592,0.162078,0.102788,0.0134801,0.169276,0.0134203,2,14.8125,2.37345,0.368421,53.7413,14.7619,0.133521,99.277,18.83
674977,L35n2160TNG,99,2.22045e-16,140547,119476,8.28684e+09,2.92492,nan,nan,0.0794303,0.0680505,0.0794475,0.0793779,0.0676175,0.0682295,0.084733,0.0101692,0.0735668,0.00915408,1,12.1875,-9.31545,1,40.1466,13.5769,0.728888,98.41,8.69
675074,L35n2160TNG,99,2.22045e-16,88220,85522,5.22478e+09,1.22385,nan,nan,0.0552833,0.0778454,0.0555732,0.0550037,0.076985,0.0785354,0.0592932,0.011034,0.0812767,0.0102738,1,13.6875,-2.45211,0.384615,49.7202,14.8106,0.0264501,95.6754,2.91561
675147,L35n2160TNG,99,2.22045e-16,76743,70788,4.48137e+09,2.26761,nan,nan,0.160911,0.0399011,0.165229,0.158145,0.0413872,0.039051,0.164775,0.0111735,0.052135,0.0101876,1,14.4375,-26.0617,0.411765,60.565,14.6888,0.17633,82.343,7.20353
675218,L35n2160TNG,99,2.22045e-16,65564,61064,3.8083e+09,1.88226,nan,nan,0.122309,0.0539517,0.125682,0.117115,0.0519627,0.0563477,0.126968,0.0134977,0.0666268,0.0123265,1,14.0625,-15.9966,0.9,50.2417,14.7919,0.0854926,103.546,12.4377
675275,L35n2160TNG,99,2.22045e-16,55065,53288,3.28486e+09,1.34863,nan,nan,0.0845168,0.0988118,0.086439,0.0837228,0.0959811,0.0995602,0.086905,0.0124093,0.102648,0.0117007,1,12.9375,24.0572,0.266667,50.3729,14.7994,0.0689174,89.9539,3.17515
675556,L35n2160TNG,99,2.22045e-16,71600,69644,4.18798e+09,2.19961,nan,nan,0.14615,0.0543417,0.136712,0.154102,0.0562969,0.0531825,0.152701,0.0128391,0.067951,0.0117759,1,13.6875,8.8247,0.272727,52.5869,14.7375,0.159099,104.476,6.31293
676011,L35n2160TNG,99,2.22045e-16,62317,55960,3.60291e+09,1.62426,nan,nan,0.0669779,0.058493,0.0665789,0.0674109,0.0602878,0.0569302,0.0745674,0.0133689,0.0704481,0.012307,2,12.1875,-31.5568,1,34.631,14.8125,0,79.6946,2.74893
676695,L35n2160TNG,99,2.22045e-16,60410,56824,3.59232e+09,2.61915,nan,nan,0.134361,0.080551,0.14171,0.127297,0.0788635,0.0825567,0.140452,0.0140062,0.0933677,0.0125512,2,13.3125,-28.8827,0.6,45.5974,14.7056,0.16928,99.3491,9.47
676758,L35n2160TNG,99,2.22045e-16,101917,96566,6.03528e+09,3.48009,nan,nan,0.153009,0.141981,0.157093,0.150893,0.151763,0.141904,0.156777,0.00970271,0.146831,0.00892508,1,14.4375,30.0404,0.35,59.2932,14.5838,0.301846,109.949,7.91
677382,L35n2160TNG,99,2.22045e-16,67142,64402,4.07152e+09,3.04739,nan,nan,0.112539,0.0850575,0.116994,0.111559,0.0853409,0.0830691,0.119107,0.0112727,0.095488,0.0107423,1,14.8125,-0.708567,0,75.9719,14.8106,0.0264501,100.464,7.91
677605,L35n2160TNG,99,2.22045e-16,57682,55680,3.38633e+09,1.12855,nan,nan,0.230929,0.0865327,0.23117,0.230518,0.0851656,0.0889135,0.231983,0.0141193,0.0901906,0.0142544,1,14.8125,-20.5547,0.470588,46.5906,14.8125,0,90.762,2.03511
678001,L35n2160TNG,99,2.22045e-16,93127,90759,5.40489e+09,1.68133,nan,nan,0.153513,0.0505815,0.148034,0.156802,0.0497249,0.0510669,0.154798,0.0106514,0.0551115,0.0114378,1,14.8125,-4.42431,0,49.361,14.8087,0.037312,109.444,3.34914
678193,L35n2160TNG,99,2.22045e-16,54667,52460,3.28098e+09,1.84551,nan,nan,0.116856,0.0828086,0.114484,0.119035,0.0890215,0.0783916,0.120701,0.0118702,0.0928866,0.0110655,1,14.8125,41.7711,0.2,60.9188,14.7863,0.0956801,88.1866,5.34979
678949,L35n2160TNG,99,2.22045e-16,102523,96823,6.06673e+09,1.72995,nan,nan,0.0306471,0.0670644,0.0306146,0.0305857,0.0645302,0.0683473,0.0398049,0.00760414,0.071367,0.00915541,2,14.0625,-16.5473,0.714286,54.4509,14.7956,0.077739,98.9911,6.10262
680206,L35n2160TNG,99,2.22045e-16,78478,76093,4.52835e+09,1.04539,nan,nan,0.1548,0.0775142,0.151967,0.160776,0.0711265,0.0897301,0.158394,0.013572,0.084579,0.0112236,2,12.9375,5.01656,0.0357143,78.4848,14.8087,0.037312,91.3956,1.60084
680429,L35n2160TNG,99,2.22045e-16,92148,88643,5.44554e+09,2.53489,nan,nan,0.0991401,0.0572037,0.103196,0.09721,0.0565832,0.05685,0.104273,0.0103557,0.0657353,0.00990371,1,13.6875,6.46426,0.9,33.0872,14.4244,0.510575,110.558,7.13
680963,L35n2160TNG,99,2.22045e-16,63913,61626,3.72436e+09,1.69095,nan,nan,0.073345,0.112234,0.0718653,0.0744897,0.112483,0.112237,0.0838909,0.015287,0.115695,0.0159615,1,13.3125,-42.0452,0.6,42.4492,14.7844,0.0987718,88.2888,4.92938
681410,L35n2160TNG,99,2.22045e-16,66037,63660,3.94965e+09,2.22568,nan,nan,0.167696,0.113535,0.164886,0.170658,0.116093,0.111246,0.170798,0.0124152,0.118482,0.0113958,1,14.8125,-8.9519,0.5,50.0864,14.8125,0,87.7663,5.69163
681560,L35n2160TNG,99,2.22045e-16,60288,58587,3.63537e+09,1.52032,nan,nan,0.157664,0.0995526,0.155977,0.157805,0.0923886,0.10002,0.159511,0.0125642,0.105348,0.0124482,2,14.4375,26.92,0.272727,44.2057,14.8125,0,93.2883,4.46527
681644,L35n2160TNG,99,2.22045e-16,71097,65118,4.1437e+09,1.21619,nan,nan,0.0735281,0.105204,0.0721984,0.0756547,0.106435,0.103418,0.0786851,0.013659,0.107493,0.0127139,2,14.8125,68.289,0.933333,59.9679,14.8125,0,79.841,2.53049
683108,L35n2160TNG,99,2.22045e-16,60761,57997,3.6223e+09,1.42329,nan,nan,0.0636523,0.0963511,0.0653131,0.0635419,0.0925339,0.0966112,0.0693383,0.0130901,0.100654,0.0137793,1,12.5625,5.99276,0.105263,72.7151,14.7675,0.1329,99.7972,4.6368
683249,L35n2160TNG,99,2.22045e-16,53794,52069,3.33901e+09,1.78312,nan,nan,0.165888,0.101252,0.164992,0.166218,0.102799,0.100764,0.168767,0.0132034,0.107117,0.0126392,1,14.4375,36.1311,0.5,67.9748,14.8031,0.0585469,85.1282,5.73068
683379,L35n2160TNG,99,2.22045e-16,83987,79909,4.96483e+09,2.04794,nan,nan,0.0633665,0.0810964,0.0636026,0.0626633,0.0833925,0.0794742,0.0744022,0.0105987,0.0905655,0.0100605,1,14.8125,-16.8948,0.375,59.6228,14.8125,0,108.854,10.9831
683428,L35n2160TNG,99,2.22045e-16,54211,52146,3.28203e+09,1.1215,nan,nan,0.0426664,0.0847645,0.040962,0.0433236,0.09256,0.0818464,0.0476157,0.0111804,0.0880409,0.0122295,1,14.4375,13.9951,0.631579,46.0505,14.7788,0.107318,88.237,3.0416
683528,L35n2160TNG,99,2.22045e-16,53264,51624,3.21453e+09,1.49621,nan,nan,0.0370462,0.150991,0.0365458,0.037262,0.150434,0.150918,0.0473085,0.0105558,0.152443,0.0144715,2,14.8125,-9.25461,0.333333,44.6464,14.8087,0.037312,86.4591,4.85848
683616,L35n2160TNG,99,2.22045e-16,56801,51804,3.40547e+09,2.84666,nan,nan,0.0647444,0.110081,0.0677824,0.0635202,0.114029,0.108447,0.0788868,0.0113906,0.11847,0.0124884,2,14.8125,10.5667,0.692308,50.0052,14.8125,0,76.7635,10.25
684015,L35n2160TNG,99,2.22045e-16,68616,59425,4.00577e+09,1.57687,nan,nan,0.0605568,0.145,0.0558225,0.0700689,0.15267,0.129029,0.0780762,0.0131916,0.149079,0.0167207,2,14.8125,13.6906,0.846154,29.7999,14.79,0.0890576,55.5777,1.2269
684658,L35n2160TNG,99,2.22045e-16,58217,55771,3.4308e+09,2.02372,nan,nan,0.128526,0.049571,0.129144,0.128494,0.0462359,0.0505755,0.131806,0.013986,0.0640247,0.0111878,1,14.8125,7.47264,0.2,58.7315,14.8031,0.0585469,84.13,8.34487
684778,L35n2160TNG,99,2.22045e-16,53099,50341,3.22391e+09,3.04628,nan,nan,0.141361,0.136734,0.135439,0.143378,0.145307,0.132533,0.149305,0.0130448,0.146701,0.0145323,1,13.3125,-23.0058,0.375,51.4256,14.8125,0,86.7553,10.25
684910,L35n2160TNG,99,2.22045e-16,54500,50926,3.32427e+09,1.97714,nan,nan,0.0885309,0.119486,0.0896643,0.0880142,0.124078,0.118969,0.0965044,0.0116894,0.123056,0.0133292,2,11.0625,-41.5581,0.241379,57.0572,14.8031,0.0585469,76.6031,5.09513
685497,L35n2160TNG,99,2.22045e-16,83652,79677,4.96445e+09,1.89369,nan,nan,0.082047,0.120012,0.0820455,0.0821016,0.113752,0.12578,0.0861387,0.0102152,0.125539,0.00961548,1,14.4375,9.85845,0.666667,44.8127,14.7994,0.0689174,103.57,5.48083
686190,L35n2160TNG,99,2.22045e-16,84061,81754,4.84139e+09,1.33354,nan,nan,0.0462552,0.138473,0.0458969,0.0462478,0.133808,0.148261,0.0587162,0.0115858,0.140833,0.0129103,2,12.1875,-14.4932,0.5,41.382,14.7919,0.0933554,85.3499,3.14376
686379,L35n2160TNG,99,2.22045e-16,54579,53576,3.25475e+09,1.46992,nan,nan,0.0771131,0.115397,0.0809618,0.0747672,0.122108,0.109356,0.0849394,0.0131842,0.120965,0.0124629,1,13.3125,-19.9202,0.117647,59.9048,14.7937,0.0817294,93.5151,5.22893
686753,L35n2160TNG,99,2.22045e-16,113687,109872,6.577e+09,1.48441,nan,nan,0.0780024,0.154382,0.0792502,0.0769063,0.148098,0.159796,0.0806302,0.00906571,0.156611,0.0097946,2,14.8125,4.79421,0.388889,60.7956,14.8125,0,111.171,3.91257
687031,L35n2160TNG,99,2.22045e-16,65323,61694,3.81884e+09,3.14149,nan,nan,0.0714105,0.0674641,0.070861,0.0717343,0.0685553,0.0670871,0.0832234,0.0106177,0.0804941,0.0111763,1,12.9375,-18.3707,0,52.4135,14.4919,0.664922,97.5858,12.59
687075,L35n2160TNG,99,2.22045e-16,108163,103033,6.34269e+09,1.33876,nan,nan,0.0790196,0.18774,0.078296,0.0793581,0.185648,0.188573,0.0808758,0.00855109,0.188843,0.00873079,2,12.9375,9.79224,0.333333,54.2112,14.7788,0.113681,100.464,3.56302
687111,L35n2160TNG,99,2.22045e-16,58854,57211,3.47489e+09,1.1741,nan,nan,0.0923061,0.0449903,0.090986,0.093516,0.0447705,0.0452327,0.0989557,0.0168228,0.0559393,0.0139427,1,14.8125,6.61111,0.363636,53.4609,14.6587,0.202604,85.5425,8.50353
688868,L35n2160TNG,99,2.22045e-16,85863,83979,5.06758e+09,1.54727,nan,nan,0.0707593,0.0324337,0.0660369,0.0748012,0.030398,0.0341127,0.07483,0.00876129,0.0410726,0.00838993,1,14.4375,2.05124,0.555556,44.2808,14.7956,0.077739,105.351,5.0137
689938,L35n2160TNG,99,2.22045e-16,63904,61098,3.81291e+09,1.64546,nan,nan,0.0455347,0.111013,0.0472368,0.045015,0.115057,0.109815,0.053917,0.010409,0.113939,0.0115238,2,14.4375,-17.5357,0.25,49.8898,14.8087,0.037312,90.12,4.2991
690177,L35n2160TNG,99,2.22045e-16,60865,58784,3.60873e+09,1.23186,nan,nan,0.118069,0.112955,0.122247,0.11626,0.10791,0.115234,0.120217,0.0135884,0.114481,0.0123503,2,14.0625,11.2361,0.347826,52.2026,14.7844,0.105651,88.916,4.42904
691708,L35n2160TNG,99,2.22045e-16,53131,51514,3.174e+09,2.26963,nan,nan,0.0963169,0.082749,0.104582,0.0945547,0.0830878,0.0822081,0.105035,0.0125228,0.0909933,0.0125366,1,14.8125,-47.1841,0.5,53.4837,14.7919,0.125485,90.3684,6.50339
692281,L35n2160TNG,99,2.22045e-16,59571,56475,3.52394e+09,2.89386,nan,nan,0.0821796,0.0752877,0.0813391,0.0829077,0.0723821,0.0771486,0.0980239,0.0117754,0.087997,0.0120829,2,14.8125,10.5762,0.857143,26.8138,14.8125,0,92.6018,13.37
692413,L35n2160TNG,99,2.22045e-16,66727,64255,3.91559e+09,1.15176,nan,nan,0.0864048,0.0606722,0.0876828,0.0845305,0.058598,0.0637723,0.0901026,0.0115071,0.0670263,0.0112745,2,13.3125,-6.62453,0.45,51.3196,14.8069,0.0455822,89.563,2.06854
692981,L35n2160TNG,99,2.22045e-16,131686,114220,7.41938e+09,1.48256,nan,nan,0.0681098,0.0454335,0.0687508,0.0672049,0.0464095,0.0439375,0.0730357,0.0116944,0.0552213,0.0106796,2,14.8125,41.7835,0.1,61.765,14.7788,0.107318,94.9045,3.45373
693110,L35n2160TNG,99,2.22045e-16,57224,55548,3.31115e+09,1.29437,nan,nan,0.147555,0.148433,0.151862,0.14054,0.132738,0.175404,0.151545,0.0138228,0.157504,0.0143719,2,13.3125,3.08183,0.4,53.126,14.805,0.0525,64.1092,2.66809
693204,L35n2160TNG,99,2.22045e-16,67622,63684,3.97168e+09,2.4739,nan,nan,0.15704,0.0697631,0.157213,0.157074,0.0712313,0.0698232,0.161934,0.0137294,0.0829278,0.0123259,1,2.4375,-24.7655,0.647059,42.7861,14.7431,0.145612,89.4417,7.05899
693263,L35n2160TNG,99,2.22045e-16,65051,62028,3.93885e+09,3.44479,nan,nan,0.0910736,0.247837,0.089051,0.0916037,0.250593,0.247295,0.0981819,0.0125611,0.251363,0.0120588,2,11.4375,7.54171,0.294118,59.6201,14.49,0.327003,92.3198,10.25
693383,L35n2160TNG,99,2.22045e-16,57240,55636,3.40311e+09,2.21052,nan,nan,0.122952,0.12756,0.12974,0.115552,0.123758,0.131117,0.133781,0.0161607,0.138292,0.0177761,2,14.4375,-30.1876,0.615385,50.2095,14.7675,0.121861,100.299,7.71733
693522,L35n2160TNG,99,2.22045e-16,59298,56522,3.55491e+09,1.77501,nan,nan,0.0653348,0.0874601,0.0673766,0.0633205,0.0841111,0.0912646,0.0766147,0.0128958,0.0944683,0.0132817,2,14.4375,2.52375,0.352941,63.6765,14.8087,0.037312,91.6064,6.80203
693751,L35n2160TNG,99,2.22045e-16,83303,82010,4.81916e+09,1.00855,nan,nan,0.0466171,0.0508798,0.0457464,0.0474327,0.0501051,0.0516407,0.0502916,0.00995594,0.0561098,0.010891,3,13.6875,-31.3645,0.4,53.4862,14.4038,0.130928,114.624,2.46779
693791,L35n2160TNG,99,2.22045e-16,53271,50222,3.18818e+09,2.45603,nan,nan,0.0756654,0.131009,0.0745836,0.0766231,0.133192,0.12903,0.0844355,0.0132572,0.135634,0.0145359,2,14.8125,-7.87473,0.4,43.5336,14.8125,0,95.8542,13.9038
694640,L35n2160TNG,99,2.22045e-16,58310,54637,3.42465e+09,2.48863,nan,nan,0.0671173,0.0994347,0.0676256,0.0669864,0.0966339,0.101504,0.083571,0.0143389,0.112663,0.0128032,1,13.6875,21.1202,0.266667,52.3496,14.7863,0.102766,90.4791,11.7572
695762,L35n2160TNG,99,2.22045e-16,62224,59937,3.6333e+09,1.19822,nan,nan,0.0867751,0.141594,0.0940366,0.0762803,0.138368,0.146144,0.0917617,0.0135905,0.1466,0.0141005,2,12.9375,-34.9806,0.166667,67.7411,14.7788,0.119707,87.3879,2.49886
696559,L35n2160TNG,99,2.22045e-16,182286,178161,1.03549e+10,1.48472,nan,nan,0.026961,0.864301,0.0283716,0.0266447,0.845865,0.870712,0.0344112,0.00747017,0.86452,0.00831928,2,4.3125,34.3371,0.148148,54.5295,14.7581,0.156414,141.702,4.36844
697948,L35n2160TNG,99,2.22045e-16,260569,210051,1.46283e+10,2.08999,nan,nan,0.0329199,0.0722649,0.0329586,0.0323921,0.073112,0.0721793,0.0412377,0.00666895,0.0750145,0.00794191,2,2.8125,-42.8639,0,58.0161,13.5131,3.64809,117.211,2.77079
698432,L35n2160TNG,99,2.22045e-16,64415,59759,3.81028e+09,2.21059,nan,nan,0.0527762,0.0847667,0.0566211,0.0495801,0.0835775,0.0860931,0.0653749,0.0105006,0.091708,0.0128296,1,14.0625,17.8055,0.25,63.268,14.6662,0.236547,83.1886,7.03019
698613,L35n2160TNG,99,2.22045e-16,89080,84345,5.23466e+09,2.93498,nan,nan,0.0634237,0.0699836,0.0589959,0.0670468,0.0699911,0.0699208,0.0725514,0.00851415,0.0772947,0.00876388,1,14.8125,-21.568,0.166667,63.7339,14.8125,0,95.0382,12.59
698644,L35n2160TNG,99,2.22045e-16,83892,79887,5.00227e+09,2.69952,nan,nan,0.101448,0.140842,0.0994444,0.101232,0.142139,0.141515,0.11019,0.0110585,0.144483,0.0118076,1,14.8125,56.5632,0.894737,39.7577,14.8125,0,87.7443,5.57
698742,L35n2160TNG,99,2.22045e-16,80229,76403,4.7357e+09,2.00612,nan,nan,0.114758,0.0848702,0.115494,0.114799,0.0875671,0.0841492,0.117092,0.00898637,0.0868493,0.0103201,1,14.0625,-11.5756,0,70.8396,14.7937,0.0817294,95.2713,4.54273
698786,L35n2160TNG,99,2.22045e-16,53377,52299,3.16182e+09,2.00469,nan,nan,0.0962378,0.167775,0.0949105,0.0996811,0.169711,0.164846,0.102482,0.0124018,0.170785,0.0140854,1,6.9375,0.0575059,0.296296,48.9651,14.7975,0.0980752,90.3375,11.9977
699011,L35n2160TNG,99,2.22045e-16,62046,59743,3.65278e+09,1.10435,nan,nan,0.0650743,0.100203,0.0636147,0.0668023,0.0947866,0.10683,0.0703083,0.0131618,0.103796,0.0130056,2,14.8125,5.55936,0,58.4669,14.8106,0.0264501,98.6124,2.66704
699351,L35n2160TNG,99,2.22045e-16,58930,57259,3.42702e+09,1.16133,nan,nan,0.267723,0.0490722,0.272089,0.259489,0.0522923,0.0430883,0.268562,0.0154994,0.0595018,0.0129087,2,14.4375,13.3021,0.263158,64.7789,14.8069,0.0455822,92.0539,2.43395
700338,L35n2160TNG,99,2.22045e-16,59670,57652,3.58347e+09,1.83221,nan,nan,0.104246,0.111272,0.101762,0.106255,0.119912,0.105317,0.109045,0.0105718,0.116009,0.0104735,1,14.4375,22.1954,0.5,50.8408,14.7919,0.100606,88.4534,5.3136
700878,L35n2160TNG,99,2.22045e-16,63560,60411,3.76634e+09,1.7638,nan,nan,0.1827,0.0347127,0.183085,0.182447,0.0374963,0.0321553,0.185398,0.0120404,0.0502274,0.0108749,1,14.8125,3.77234,0.214286,65.1659,14.8106,0.0264501,95.096,6.21638
700900,L35n2160TNG,99,2.22045e-16,86125,82559,5.13444e+09,1.36873,nan,nan,0.0470469,0.106485,0.0470304,0.0473683,0.108534,0.106047,0.0529464,0.00997347,0.108679,0.00975345,2,14.4375,6.53221,0.4375,46.0535,14.7975,0.0734847,109.394,5.30693
702135,L35n2160TNG,99,2.22045e-16,55361,53373,3.29386e+09,3.0818,nan,nan,0.188808,0.188682,0.187431,0.19224,0.194292,0.185878,0.191693,0.0129398,0.191999,0.0118287,1,14.8125,40.0502,0.736842,45.4381,14.8125,0,88.5969,11.81
702558,L35n2160TNG,99,2.22045e-16,101207,94832,5.84195e+09,1.35464,nan,nan,0.0473264,0.0410774,0.0473723,0.0474791,0.0381702,0.0462102,0.056896,0.0116347,0.0551927,0.0102831,1,13.6875,-16.5242,0.3125,56.3555,14.7788,0.119707,88.0621,1.53371
702795,L35n2160TNG,99,2.22045e-16,59805,56750,3.52907e+09,2.69501,nan,nan,0.135812,0.0560833,0.126394,0.138882,0.0568692,0.056262,0.150839,0.012669,0.0788232,0.0128262,1,14.4375,26.8089,1,41.499,14.4863,0.243923,91.2117,15.71
706835,L35n2160TNG,99,2.22045e-16,55411,53443,3.34565e+09,2.1795,nan,nan,0.125322,0.113522,0.128356,0.123254,0.117666,0.110101,0.130107,0.0107986,0.117717,0.0108296,2,12.9375,-33.133,0.636364,47.6089,14.8031,0.0585469,95.6599,4.90337
708459,L35n2160TNG,99,2.22045e-16,92833,76326,5.37159e+09,2.47829,nan,nan,0.121981,0.0464722,0.121511,0.121717,0.045666,0.0462703,0.126008,0.0102593,0.0589425,0.00911202,1,14.4375,12.4242,1,63.4353,14.4122,1.20886,86.1178,6.29791
708619,L35n2160TNG,99,2.22045e-16,57076,52120,3.32799e+09,3.39671,nan,nan,0.0805541,0.161219,0.0817032,0.0806539,0.168857,0.164272,0.095641,0.0119085,0.167029,0.0122067,2,14.8125,11.3456,0,54.7062,14.7656,0.12402,90.6637,16.49
715911,L35n2160TNG,99,2.22045e-16,87997,81797,5.03611e+09,1.34766,nan,nan,0.297917,0.0798364,0.284329,0.302935,0.0733183,0.0822248,0.297536,0.0100936,0.0823613,0.00849882,1,14.4375,38.1449,0.384615,33.485,14.7844,0.0987718,96.7934,4.40687
717477,L35n2160TNG,99,2.22045e-16,73971,72442,4.36572e+09,1.28165,nan,nan,0.0337187,0.185974,0.0300846,0.0339586,0.185381,0.185711,0.0443621,0.00879244,0.187617,0.0094884,1,14.8125,-3.59001,0.217391,60.9699,14.8087,0.037312,98.2254,4.20622
717499,L35n2160TNG,99,2.22045e-16,56752,55420,3.36843e+09,1.09384,nan,nan,0.066869,0.111458,0.0599561,0.0709605,0.107624,0.113439,0.0738675,0.01085,0.114285,0.0134647,1,14.0625,31.8218,0.25,64.2048,14.7506,0.182858,90.9958,4.62534
717798,L35n2160TNG,99,2.22045e-16,56475,52496,3.29037e+09,1.23162,nan,nan,0.130342,0.0593718,0.133566,0.128006,0.0588284,0.0601352,0.131686,0.0136375,0.0647576,0.0118084,1,14.4375,25.4627,0.647059,47.1339,14.79,0.0890576,67.769,2.93177
719867,L35n2160TNG,99,2.22045e-16,78120,72495,4.51075e+09,1.30844,nan,nan,0.0303385,0.175627,0.0312633,0.0277236,0.183541,0.156291,0.0541447,0.0131876,0.17881,0.0182736,2,14.0625,23.2781,0.911765,17.7302,14.7956,0.0863111,20.4959,2.29415
719882,L35n2160TNG,99,2.22045e-16,70848,65419,4.0324e+09,1.30441,nan,nan,0.0518921,0.028956,0.0509969,0.0536262,0.0298634,0.0276524,0.0633703,0.011202,0.042759,0.0109679,4,14.8125,-28.5338,0.125,53.5992,14.7994,0.0689174,85.9256,1.89093
727582,L35n2160TNG,99,2.22045e-16,60232,59064,3.39419e+09,1.02714,nan,nan,0.0578278,0.0645399,0.0626654,0.0515905,0.0608042,0.0694269,0.0642595,0.0116938,0.0719271,0.0109238,4,10.6875,1.48119,0.35,47.2782,14.6925,0.190329,89.3193,2.50645
731524,L35n2160TNG,99,2.22045e-16,105268,102917,6.03332e+09,1.10378,nan,nan,0.0338158,0.356218,0.0328794,0.0353008,0.345576,0.372706,0.0394557,0.00906344,0.356756,0.00975583,3,14.8125,19.191,0.1,47.9014,14.8125,0,108.893,1.99944
738369,L35n2160TNG,99,2.22045e-16,67083,66202,3.74895e+09,1.03915,nan,nan,0.0928163,0.821046,0.0931861,0.0926179,0.809798,0.832594,0.095519,0.00855763,0.821713,0.0105308,2,14.8125,30.796,0.290323,44.7037,14.6775,0.198573,94.4812,5.03166
738736,L35n2160TNG,99,2.22045e-16,63322,61274,3.59458e+09,1.11228,nan,nan,0.0759692,0.407187,0.0774571,0.0737221,0.3873,0.437203,0.0822547,0.0152265,0.408922,0.0148134,2,13.3125,-28.1218,0.0714286,57.4684,14.76,0.167873,68.7625,2.68354
